id,yield
15289,4310.8693590131315
15290,6103.339248303281
15291,7257.079312651166
15292,4981.632215829497
15293,3672.5066785166396
15294,4957.9910187945525
15295,7220.568797222877
15296,6436.850957663942
15297,8383.130850118298
15298,4232.323096999363
15299,5862.565943721342
15300,5919.471584923835
15301,5538.198368689925
15302,5641.787489317446
15303,5060.446968226999
15304,4864.76379015322
15305,4859.854179032192
15306,6311.783995117717
15307,5014.100521354702
15308,5817.095890727687
15309,6182.947769251639
15310,7575.617702771577
15311,4369.410906659794
15312,5181.837492059655
15313,6398.653306693679
15314,5121.202842095394
15315,4584.479140833124
15316,7975.180633141801
15317,5661.769463950052
15318,7842.134508742047
15319,8126.699568662162
15320,6991.283602904038
15321,6601.6365894614255
15322,2688.726722838544
15323,5895.521047885992
15324,2615.9027881600146
15325,7134.668336621232
15326,6179.547088826171
15327,4182.642226103733
15328,7807.818720456026
15329,7735.744128497525
15330,5151.739053162322
15331,5774.297199313952
15332,6882.0617735849655
15333,6368.506025634418
15334,5602.3470680057335
15335,8031.014065302421
15336,4171.117116328796
15337,7523.28603192463
15338,6154.220494752924
15339,5505.6895374452615
15340,6697.359679102807
15341,5721.097288627339
15342,5364.527020584411
15343,6703.239430645288
15344,6053.287264941399
15345,4471.445204935063
15346,6100.211048031431
15347,6273.759050688141
15348,4757.359880705906
15349,6501.843630604307
15350,4648.93450798185
15351,6085.428658602119
15352,5846.944290802195
15353,6884.769230871259
15354,4337.648032796312
15355,4504.319154569299
15356,6074.932898665721
15357,6169.350296244118
15358,6993.0220265778435
15359,4992.227436881158
15360,4454.450489918264
15361,5655.801080780079
15362,5999.064425670884
15363,6641.183811845232
15364,5097.632202569101
15365,4494.553036358238
15366,4746.8897995773395
15367,7669.355602807492
15368,4935.267808156317
15369,5882.179169584629
15370,6429.232761613158
15371,3372.091567706511
15372,4849.1678262629775
15373,6188.581508575877
15374,5680.376957580487
15375,5494.504325829983
15376,5889.4927820333405
15377,5672.290467003338
15378,4764.529313255955
15379,6029.900087774837
15380,7360.101875430643
15381,6107.470285755471
15382,5915.790370550514
15383,7312.534486481283
15384,5195.066733810731
15385,4288.390021562433
15386,4350.951356130478
15387,4366.590672761911
15388,6782.842056436335
15389,6118.64099943314
15390,8330.1924036411
15391,6373.264360075914
15392,7245.800349449019
15393,5831.929319676106
15394,6046.827540312714
15395,5548.859905491555
15396,6894.415424158199
15397,6883.78566416468
15398,5619.5397083571215
15399,5574.146878976333
15400,4844.909988908713
15401,6152.853380064411
15402,6181.2473738255285
15403,6102.198675285722
15404,7210.810339923185
15405,7540.443351616733
15406,8207.67587712128
15407,5702.592297649136
15408,7604.692848910471
15409,5852.720154320862
15410,5887.460178662182
15411,8258.49627173329
15412,6676.132698890095
15413,6729.652560288953
15414,5684.11327397413
15415,5963.623305796873
15416,6923.806969678516
15417,5752.684443584059
15418,7586.081914541805
15419,4388.226356212035
15420,4157.306939112126
15421,6313.022320830509
15422,3690.7768074218184
15423,6676.20668548406
15424,6432.108001359776
15425,6965.677402931497
15426,3839.391773195133
15427,7595.46945002943
15428,6389.989768722756
15429,7386.395058295332
15430,6506.760089963696
15431,5274.117622155162
15432,5215.5027148976915
15433,4743.368561403192
15434,8369.015671021867
15435,4000.8484350223744
15436,4717.822558367652
15437,5022.705036746827
15438,5499.39908350301
15439,7410.391008668494
15440,5443.373484636809
15441,6498.714592133827
15442,5399.4080246679905
15443,4707.6830413637745
15444,5753.438577955157
15445,3599.909789678574
15446,6593.068571324847
15447,6594.855826953309
15448,7980.051326610788
15449,8159.710624219604
15450,7084.742117695356
15451,5297.411888190401
15452,4549.213313556582
15453,7475.985844292502
15454,6529.874419456326
15455,8272.340035877616
15456,6428.905203006036
15457,6344.986729817299
15458,5652.516486958617
15459,6195.416056521115
15460,5726.809499071931
15461,5108.922558470876
15462,5195.259729419444
15463,6731.9925264026015
15464,6280.936401902007
15465,6694.916639056789
15466,7297.938839487297
15467,7344.948352377576
15468,3501.4472423162592
15469,2504.7937623572248
15470,7440.329712272077
15471,7353.26486980363
15472,6591.6312567982895
15473,5260.941514403166
15474,6837.616359259141
15475,5173.858332649588
15476,5265.265576497991
15477,5667.525622495596
15478,4468.695854361755
15479,7361.318044966436
15480,6792.926718500463
15481,6483.541395051066
15482,6350.2585666638715
15483,6753.044805471016
15484,6307.157435804066
15485,7493.090949737258
15486,6185.735782058333
15487,7865.067474573453
15488,7144.081903771055
15489,5477.455527727707
15490,6198.045465284145
15491,6535.66968763327
15492,5208.59705221475
15493,7332.867989186139
15494,6380.459264977822
15495,6887.879905279187
15496,6939.283491369651
15497,4773.75694595856
15498,6697.146173943815
15499,6483.823766608765
15500,7473.163230696587
15501,5525.873218146078
15502,7647.748683657919
15503,7465.4162538851515
15504,6796.020684225442
15505,6190.245332602817
15506,4518.133926449849
15507,4682.631290901925
15508,6054.961244968923
15509,4020.5962781672847
15510,5022.3406415549525
15511,6156.88261776144
15512,5341.258081617393
15513,6729.978476066316
15514,7861.9852728124915
15515,6693.395396384289
15516,5152.660438407938
15517,7732.293846090205
15518,7093.52535465521
15519,7092.586735453575
15520,5641.57749431107
15521,6501.091454269164
15522,6369.163481968722
15523,6584.363906344448
15524,7202.813924576432
15525,5214.873805675036
15526,5495.97617077161
15527,4489.897115525788
15528,4307.494963139723
15529,7455.1617503715415
15530,6559.030649072892
15531,6659.785840796943
15532,7175.150651257196
15533,4802.751921394671
15534,7947.600361792012
15535,4074.556092048577
15536,6531.999089352073
15537,5494.305544010312
15538,6673.962646631449
15539,7424.499666945981
15540,6148.91463143373
15541,6347.340520073664
15542,7142.493360520306
15543,7119.88367492048
15544,4654.0372306784775
15545,4923.094049650798
15546,7557.731809583135
15547,5491.381206167313
15548,5961.427901352401
15549,7088.423177208189
15550,6654.628419184752
15551,7108.382966952202
15552,6393.206422014731
15553,4301.352955188826
15554,5535.054743302263
15555,6001.321511171835
15556,6760.728913566766
15557,7082.604146260737
15558,4119.642273475558
15559,5572.630859522793
15560,7783.4076016385925
15561,5504.384297866771
15562,7555.268391318545
15563,6704.068746407564
15564,4418.668202017938
15565,6386.295666758238
15566,6690.000698613284
15567,6558.249860691549
15568,3240.1375825126224
15569,4260.557764488479
15570,5276.3582240707165
15571,5167.562980399461
15572,4124.114118097042
15573,5853.47593291609
15574,6191.779119282778
15575,6465.865256081367
15576,4356.390998659138
15577,5911.426919802126
15578,6567.116230957219
15579,3204.8445334770104
15580,7678.028144572934
15581,7348.631808087041
15582,6654.178759303617
15583,3051.804471450817
15584,5384.296710320271
15585,4134.343851107866
15586,6276.624038898566
15587,7954.715708623304
15588,6425.361439719878
15589,5730.419617997432
15590,5094.106990676354
15591,5959.042209009744
15592,7870.65282272058
15593,7237.094423405264
15594,6852.06250668281
15595,4419.667182741254
15596,4738.285757817443
15597,5068.731732573357
15598,5296.358420813173
15599,5600.634981936373
15600,5558.090102205017
15601,6132.598337722038
15602,7684.25530326193
15603,5011.714519865526
15604,7349.754114595443
15605,6416.026943736714
15606,7579.768790106972
15607,5805.946544461751
15608,6817.63909214753
15609,7332.713835450611
15610,6524.937030242148
15611,4686.880888366873
15612,5131.538306741637
15613,6459.668173612858
15614,4570.838435639835
15615,6271.9971352581415
15616,6095.912922274099
15617,5393.612729878576
15618,6521.17384444663
15619,6829.318027279985
15620,4983.1824317881465
15621,4309.850365518541
15622,4223.754534483248
15623,5451.10338978843
15624,5243.393165701222
15625,4173.940551945161
15626,7438.9277909857265
15627,5522.615598712451
15628,5755.586248833866
15629,5899.041307348155
15630,5235.4521998028
15631,5760.721307031268
15632,5951.73809277001
15633,4980.053963753215
15634,7045.458288831039
15635,5295.983208059381
15636,7509.911799353852
15637,5718.259039077377
15638,5664.700636136768
15639,4203.936899236993
15640,5572.700521343139
15641,7102.398851553043
15642,6607.967216565202
15643,4548.513599131094
15644,6158.5543914150085
15645,5495.658547634981
15646,5607.083262383992
15647,7962.62065682508
15648,5735.834088067842
15649,6783.538204812612
15650,7996.923517081638
15651,5552.534434146996
15652,8063.202131314398
15653,4963.552007049287
15654,6813.28453740345
15655,4916.818953701197
15656,7169.825393870525
15657,5350.745606722028
15658,6738.480550133668
15659,7194.753011815743
15660,7730.164681593556
15661,7435.503364558083
15662,6832.227282094059
15663,7339.920145675355
15664,4333.667432171151
15665,4360.686411536545
15666,4732.4096800204
15667,6663.16404119369
15668,7387.044273841133
15669,5091.16654935774
15670,6578.511506271379
15671,5779.689157443951
15672,5379.115788031571
15673,6943.068539870339
15674,6240.433649101625
15675,4688.859152623594
15676,5529.279198106512
15677,5303.15034393548
15678,7499.3915444150625
15679,6365.305336587806
15680,4809.49808562612
15681,7337.201070690584
15682,6207.896587853725
15683,5659.148330033544
15684,6618.662681412753
15685,6833.573268788527
15686,7823.8985392463255
15687,5602.772055278911
15688,7342.554816903042
15689,7323.366811539768
15690,6773.88572916654
15691,6224.726105452607
15692,5136.6987368284545
15693,6689.719720189952
15694,6667.736053447803
15695,6227.058451392878
15696,7237.192577964688
15697,5330.036790976024
15698,7257.706722217145
15699,5527.374719875933
15700,7341.712412101005
15701,4111.620312555244
15702,4715.192525799337
15703,3132.5913113999122
15704,4478.7492928303145
15705,6058.69500454443
15706,6581.579532270525
15707,6039.12793283793
15708,6274.300323033885
15709,7054.710364391933
15710,6707.112264764679
15711,6383.436555695668
15712,7121.791758324409
15713,5569.391554890277
15714,4591.785486211971
15715,5544.627863949091
15716,6454.6479468254765
15717,5055.660418842711
15718,5447.499869142537
15719,6144.391136351427
15720,5720.302201484134
15721,5458.555973588255
15722,6830.231759160938
15723,6345.89824463002
15724,5101.108391365262
15725,5484.75859791934
15726,6865.673627425684
15727,6954.933762287942
15728,5042.316203950815
15729,5552.6974294132715
15730,4832.727126524233
15731,5170.874060029734
15732,7509.920334649629
15733,6538.26672801072
15734,7358.673479013045
15735,5256.249498072185
15736,6667.5423415013765
15737,6775.142761376725
15738,3405.506516516769
15739,3915.683263516908
15740,7263.141727976241
15741,5585.742627841716
15742,6047.173580490934
15743,4552.007157416491
15744,6900.868501492412
15745,7748.0785809901145
15746,6366.482388509198
15747,5398.0359984705365
15748,7217.857743177743
15749,5615.745530905376
15750,6094.714718690116
15751,5427.25594083929
15752,5847.616030575854
15753,6513.093361099724
15754,6156.1946414628455
15755,5812.183507192061
15756,6777.735475408072
15757,5501.740810640462
15758,5544.187442283011
15759,5585.323058346447
15760,5713.924588730409
15761,5170.022400602911
15762,3308.465351877545
15763,5779.536788059686
15764,7933.7179296393115
15765,7224.228493830083
15766,8279.264344267687
15767,5928.759160273837
15768,5441.0903091168
15769,4548.632960280986
15770,4240.517490411221
15771,5354.414011721792
15772,5741.628281460722
15773,6533.153561191458
15774,3728.768174833743
15775,6487.094632372376
15776,5834.659234906879
15777,7704.825761190796
15778,6039.739950081883
15779,7703.259289031919
15780,6164.606383797546
15781,6455.41269296778
15782,6816.398303324508
15783,7950.498200718693
15784,7725.716035602143
15785,7850.3101791361
15786,6545.24517489994
15787,6665.953989097621
15788,4516.673545545378
15789,4890.454446254957
15790,5498.931593807494
15791,6724.461851595048
15792,6689.609346358068
15793,6314.019697883143
15794,6684.770227537926
15795,6018.944304104502
15796,7856.694321848947
15797,6478.190098965993
15798,4672.411189874603
15799,6469.800266887521
15800,6647.913613489539
15801,5500.177086669884
15802,4912.6439513160385
15803,5859.257646784519
15804,7240.1153913012295
15805,6317.26605825047
15806,7508.606599083478
15807,5119.191709875428
15808,4697.983789271605
15809,7695.822403541549
15810,5940.721700855731
15811,7810.31983239933
15812,5817.640087677119
15813,5132.619129397768
15814,6151.008413301667
15815,7409.549925611254
15816,6719.642456405206
15817,3951.4478823128816
15818,7147.27576109797
15819,7195.1398350666805
15820,4972.449145245979
15821,7239.456316249805
15822,6001.4266318108175
15823,6122.03252257857
15824,5691.121376159376
15825,7182.578576128073
15826,6116.890060707358
15827,5957.25917701544
15828,4726.109180788416
15829,4548.74921983911
15830,3662.5740360087543
15831,7144.318485095207
15832,4407.665082116066
15833,4643.01279967133
15834,6333.141564445932
15835,7301.205095378121
15836,7161.474393821187
15837,3536.737824535663
15838,7731.148239486218
15839,4824.883551620595
15840,8033.659305664984
15841,3973.9924867848877
15842,6595.28382573409
15843,5855.096981753016
15844,5780.599508806011
15845,5373.710780268237
15846,7078.694919936985
15847,7736.480023507598
15848,5621.171612379571
15849,5061.218263920538
15850,7056.1596043834425
15851,7211.632162566632
15852,8046.087880680732
15853,7383.96113842311
15854,5195.493786813338
15855,3927.3032398243504
15856,4213.093339875656
15857,5855.663947418768
15858,5676.458085600026
15859,5095.518011890149
15860,8220.650709714475
15861,5958.9928547814025
15862,6279.9069869663535
15863,7642.6325374626895
15864,5530.523181412684
15865,7219.8855962657435
15866,6928.455547440264
15867,5705.994434792854
15868,7672.57714701111
15869,4952.2845894330585
15870,7787.25041256095
15871,5749.377931149241
15872,7467.248307286833
15873,8181.100915950278
15874,8096.526639768916
15875,7691.293009983471
15876,6198.159272546181
15877,6388.767100623924
15878,7994.646616218551
15879,7396.813453144992
15880,7926.260597089686
15881,4786.583379604991
15882,7304.259596709876
15883,6446.364366102935
15884,6511.203094033493
15885,5298.3156546844975
15886,5020.3638423098455
15887,6677.172019299554
15888,4492.908675829307
15889,6759.462639532522
15890,6018.682310910837
15891,6011.3736028205685
15892,4597.840052609984
15893,5861.406267143024
15894,5222.4517833319105
15895,5739.488252179002
15896,6509.071278984117
15897,6441.367549463032
15898,5134.740099692083
15899,7310.535658961914
15900,5656.388278094886
15901,6628.195585820296
15902,5195.821963700728
15903,6066.634819747115
15904,5462.668011878924
15905,8153.5596601663565
15906,7192.339547138426
15907,7193.882924188628
15908,5683.436267262758
15909,5583.1854815593615
15910,5859.324913554085
15911,6467.757439712462
15912,6922.705749473892
15913,7096.833930170515
15914,5531.536076944518
15915,6193.169355958177
15916,5168.641854403845
15917,5452.551440372481
15918,4406.028560785032
15919,7348.021166532418
15920,5766.339083177087
15921,5729.8937500026195
15922,7391.052701044798
15923,4853.773067317942
15924,5372.317918051368
15925,7342.881448572716
15926,6540.894271815082
15927,3702.3793154659306
15928,5372.608633121825
15929,6431.5036342070625
15930,7061.440824789666
15931,6733.795803928628
15932,4278.011779839953
15933,4656.8523169629825
15934,6082.393970650966
15935,5941.156007807022
15936,4305.058758565363
15937,6621.865025949913
15938,6677.585797515645
15939,6937.746495068889
15940,5851.212954951249
15941,6633.803218048027
15942,7874.252751022537
15943,7826.0455007371875
15944,5078.479629925549
15945,5454.3903280572895
15946,6043.812655653942
15947,4264.004743024043
15948,4791.6238594264505
15949,2916.741049776468
15950,8176.150198050125
15951,5756.054142604636
15952,6016.838543028412
15953,5103.347900554926
15954,7044.885435807444
15955,6203.363738399152
15956,5802.591652104968
15957,6527.559570945896
15958,6617.561451973855
15959,6275.83171330799
15960,6538.781059356822
15961,5315.684819840615
15962,5026.758615621015
15963,7227.92910373117
15964,5858.719450772196
15965,6134.566851505066
15966,2941.7365113511123
15967,5913.816204652106
15968,5951.163883329647
15969,4383.924843510844
15970,6479.14662530198
15971,5645.3935614499605
15972,6226.886441966439
15973,6257.0077302263635
15974,6521.604401693672
15975,8181.408303164026
15976,6571.328796515222
15977,7926.754213298108
15978,7845.4566020530965
15979,7409.943362990901
15980,7201.649321970875
15981,5115.932941980091
15982,6761.008208585461
15983,7215.374828097622
15984,6859.612235792858
15985,4537.645518546428
15986,6261.252094406217
15987,3786.655681552891
15988,5985.610435087004
15989,6690.340152035387
15990,5547.998782191406
15991,6858.093891241005
15992,4374.044830420251
15993,5312.021801535844
15994,5740.850445602323
15995,5505.654860962561
15996,7274.024719508972
15997,5346.15368011871
15998,6606.37716040789
15999,6348.2342221289755
16000,8011.075711856529
16001,6743.469026309833
16002,3980.335600438872
16003,6148.699275396941
16004,5502.183809850398
16005,7209.970957541275
16006,7246.222918473519
16007,4004.1182819991254
16008,5416.349541309782
16009,3689.6309475958114
16010,3176.9140696794084
16011,6301.475421974759
16012,7394.203047925661
16013,7599.9760307076085
16014,5826.247368016896
16015,6416.766012471902
16016,5176.775638770287
16017,5989.799925942727
16018,6806.562172588773
16019,7403.520729053293
16020,5894.081450787394
16021,7557.782896809906
16022,6218.954951571997
16023,5275.121887877677
16024,6860.918890402459
16025,4535.304944338888
16026,6245.737624713855
16027,5470.614960975162
16028,7564.893329565369
16029,6300.145391746145
16030,3129.3664307830386
16031,5904.815265048705
16032,6211.054463720129
16033,6505.225136396531
16034,5016.385072813748
16035,7257.902175718149
16036,6540.209213329066
16037,4358.199351178544
16038,5446.6031009095495
16039,2734.987763334599
16040,5116.222059024979
16041,6781.613672061192
16042,6553.774853550007
16043,6700.612004616114
16044,4545.956955310107
16045,4406.044398740758
16046,6090.368822990383
16047,3934.49169524811
16048,4250.762531047007
16049,7973.445032189548
16050,5939.980289456289
16051,6993.0095386233115
16052,5957.162919880548
16053,4175.304703473195
16054,5238.682852893762
16055,7214.769788462289
16056,7854.818151109522
16057,2894.4360885649894
16058,5780.620205127034
16059,5506.8668007499855
16060,7152.987129707581
16061,4111.240749085885
16062,7139.46247558221
16063,6020.369647303809
16064,6275.4115616464405
16065,6111.206248125792
16066,6467.872706118582
16067,6879.368809967008
16068,5827.203365060652
16069,4220.881611909672
16070,5779.624895341862
16071,5057.464853919369
16072,6991.652614412582
16073,5169.136672735289
16074,5403.2394486490375
16075,6586.536983007731
16076,7499.644548779836
16077,7385.605382857926
16078,6484.185604568038
16079,6732.752930256184
16080,6475.610019977519
16081,4658.75297733018
16082,6447.03404000581
16083,3704.1336915196334
16084,6845.49333902167
16085,5311.2519984428845
16086,7181.195478075874
16087,7053.26366744434
16088,7564.03858155585
16089,5977.648605967495
16090,7080.194043662637
16091,5409.092589183382
16092,6628.061186804409
16093,4530.78162410826
16094,6101.424676098625
16095,4883.771654233286
16096,4434.12366677012
16097,6522.88150700841
16098,7254.7869740893675
16099,6123.666874113179
16100,7304.207782760441
16101,6587.440480295447
16102,7168.4079923104455
16103,8007.403837855283
16104,4544.502341027292
16105,4523.305052878959
16106,6402.319590449515
16107,4551.177265893917
16108,6824.558676388266
16109,6089.319915318413
16110,3166.1103889520073
16111,3799.3170535882077
16112,4709.498348534926
16113,7031.684520958153
16114,5774.623441360903
16115,7726.6802506479435
16116,6742.623901437693
16117,5114.200338561826
16118,6468.847006104191
16119,6261.985375887239
16120,4911.012402614534
16121,5458.804475121281
16122,5558.328228464969
16123,4249.188072871433
16124,5542.875965817187
16125,7297.2024539710455
16126,6845.704897738571
16127,7087.607368765608
16128,6473.223295201373
16129,7173.496364598035
16130,7909.083388840823
16131,6464.48417497758
16132,6799.731577536485
16133,6299.273517135682
16134,4123.454816782213
16135,4195.026386311252
16136,4530.704799620647
16137,7721.187326484203
16138,2649.486428986526
16139,7195.0066246162
16140,7909.684199311773
16141,5481.418575818665
16142,4365.085936377974
16143,7305.573259520697
16144,7085.173315719231
16145,6703.772870528983
16146,3545.007737269559
16147,6052.710482119534
16148,6970.702908571642
16149,6839.565668574873
16150,5065.277672986566
16151,5731.308692877239
16152,7590.0391166628215
16153,3749.391631291555
16154,4250.950799471154
16155,6074.087456176698
16156,4679.290191059309
16157,5694.887648062782
16158,6494.365960274896
16159,5342.794955903899
16160,5489.772369216336
16161,7191.98719494317
16162,7107.120510288996
16163,3863.1251523277815
16164,4594.529481264154
16165,7242.883816373919
16166,6963.254167429999
16167,4763.494837186664
16168,4233.1373212050685
16169,4193.686693879932
16170,6049.994891277978
16171,6085.43808977785
16172,8172.25058352761
16173,6533.9508953386285
16174,8064.7368922835385
16175,6051.41187300555
16176,6135.745634230703
16177,6723.147590827184
16178,4692.175536438389
16179,5654.634808562718
16180,6903.7069277385735
16181,6822.536716660511
16182,5366.8441828423565
16183,5932.723761011792
16184,5951.871973945019
16185,5487.27721520225
16186,4341.93015988832
16187,5850.439600544947
16188,7113.192870100549
16189,6056.6473974518685
16190,7436.19089576672
16191,6594.029830855636
16192,5750.748222843471
16193,6123.641013481152
16194,8279.346074920724
16195,7524.330577926955
16196,7467.895906948592
16197,6853.388096757038
16198,5357.36807723313
16199,5589.388840475824
16200,5643.138708182059
16201,6790.15217857339
16202,6060.653080676538
16203,5927.494058231743
16204,4127.2207731515455
16205,5647.902820560954
16206,5542.901617729634
16207,5099.942578484287
16208,6010.408346219241
16209,7847.294323048609
16210,7815.659960503872
16211,4819.726737012183
16212,4657.810292018762
16213,4972.374365268109
16214,3792.5279452890245
16215,6561.601469830005
16216,6753.220663015381
16217,4412.837976203138
16218,7410.452611200822
16219,3967.861787521934
16220,6473.502473382785
16221,8407.665636169007
16222,6090.082924501397
16223,6128.125700555235
16224,5290.747573486693
16225,5621.238660064194
16226,5844.95778683567
16227,7710.214218173928
16228,7463.567276218548
16229,7042.229929704784
16230,7280.985541536836
16231,5793.07273438361
16232,3122.014152834327
16233,4207.878141236404
16234,6856.545382918473
16235,6214.232874845958
16236,5935.401509281957
16237,7260.379343998791
16238,6362.702177021872
16239,5990.890191176151
16240,5574.828625405345
16241,3761.0211789776927
16242,7256.082596051932
16243,3562.5335438078387
16244,7088.402386721075
16245,7188.210953120629
16246,5662.377085106471
16247,7384.617538144956
16248,7591.31803103928
16249,7433.653051966989
16250,5763.573806610909
16251,6219.885586452202
16252,4531.894635783577
16253,8211.737479182706
16254,5419.1324839754225
16255,6788.861687205072
16256,7722.942265962391
16257,7561.467932302092
16258,4860.0300737933985
16259,6968.92485841198
16260,4046.904463909166
16261,3518.4919133205844
16262,6683.514143293813
16263,6976.151779001336
16264,6023.326371815536
16265,8074.132076854601
16266,5875.083930036939
16267,5535.623683700476
16268,5419.775608511652
16269,6312.205938173686
16270,6136.155196530846
16271,6163.66670308196
16272,4949.02669576181
16273,5846.147015508128
16274,4577.822923811048
16275,6633.050589326542
16276,6687.447719068234
16277,7072.558535769103
16278,7284.606545185151
16279,6057.604574850945
16280,5718.102381606419
16281,4369.828974397013
16282,6375.147680422884
16283,7132.060527706815
16284,6555.158947926274
16285,5715.595907625709
16286,5114.657189890116
16287,5438.7268507736035
16288,5050.527985905044
16289,6123.083471715305
16290,8026.144001172372
16291,4204.619153847238
16292,4338.416507604648
16293,4425.219280194823
16294,8076.31741746819
16295,5866.8029662573235
16296,3955.1955480775287
16297,4017.75785905738
16298,7294.195951829376
16299,4789.03281389182
16300,6504.4612787326205
16301,7329.152259894434
16302,4096.666565543711
16303,5138.478522828911
16304,4609.853798991702
16305,5761.619165483961
16306,6527.466515716981
16307,7825.279163507048
16308,5132.7000176918955
16309,7541.222783037664
16310,3540.4804333236875
16311,4171.709739066402
16312,6219.062295434678
16313,7125.744647260659
16314,6756.8069331032475
16315,4450.879218812077
16316,4010.1115779891934
16317,8658.76018116269
16318,5726.675808109723
16319,5742.702850381174
16320,4973.438295062777
16321,5320.35378060724
16322,5127.190486160615
16323,6685.137540750048
16324,7602.204433655372
16325,4060.8566989800056
16326,8149.689738427018
16327,5871.296719928979
16328,6193.218287270383
16329,4300.734314047724
16330,4266.894829829139
16331,5749.505105280256
16332,7168.809321603623
16333,4679.708369417141
16334,6051.394374004366
16335,6052.85864021514
16336,6833.044222457437
16337,4333.612172019581
16338,6074.564761794988
16339,6215.364157541186
16340,5740.988481840189
16341,6645.480654968093
16342,7497.156811419014
16343,5639.680634658404
16344,7754.574539116544
16345,6212.220258630464
16346,4345.821789751772
16347,7166.306257221473
16348,5415.295580297488
16349,6069.580307331568
16350,6305.276882777515
16351,7345.74416739488
16352,4067.765140030843
16353,7344.633613031863
16354,5972.324343898996
16355,4593.953435270588
16356,5927.499575551253
16357,5520.778497559495
16358,5575.612915811462
16359,7362.618478207647
16360,6018.834674401187
16361,5916.765460820035
16362,6414.1048355870225
16363,5406.796863835042
16364,7668.096748717119
16365,4324.542372804108
16366,6723.973276086469
16367,6199.484845746448
16368,5215.411708627378
16369,7806.39279571353
16370,7679.793175855502
16371,6555.657395929433
16372,5847.5228672289895
16373,7071.686654033714
16374,5762.729650954834
16375,3320.355636571883
16376,4026.5329424497786
16377,5625.532207289256
16378,7496.828052405293
16379,4927.048535452004
16380,3773.6845961113736
16381,5571.464087554982
16382,7631.8823595485765
16383,5451.246289422991
16384,4906.602469840927
16385,6645.144412495166
16386,8181.859581533509
16387,3511.843780119597
16388,6204.695309089553
16389,5003.5118398567
16390,5364.658677137953
16391,6264.999098504246
16392,4706.447811559996
16393,7775.828008380071
16394,5776.925437291718
16395,6877.1245159444325
16396,6273.226455306677
16397,5308.011919630816
16398,4934.122039783501
16399,5321.9016479377915
16400,5677.179523536801
16401,7368.72856036789
16402,3749.005056717108
16403,6192.381011393712
16404,6755.16555488802
16405,5264.515953753442
16406,5342.23993305831
16407,5756.547234308862
16408,6515.998311909638
16409,7157.354074135111
16410,5097.035852193872
16411,6109.280552932188
16412,3985.9013159250408
16413,7526.233185630739
16414,4370.875183378283
16415,5993.993770838386
16416,6157.763322858885
16417,7679.2745094839
16418,7250.574908248994
16419,2573.5259387692613
16420,6020.009022772243
16421,4986.939768485552
16422,4815.040034121013
16423,7648.736479661522
16424,4503.501674857104
16425,5529.370724296258
16426,4521.174001077106
16427,6938.755321143528
16428,7339.327356589307
16429,6054.829745775382
16430,5369.9992176808655
16431,6412.726416156147
16432,6819.737637999597
16433,7158.586535987048
16434,5587.109152436659
16435,7093.122875540025
16436,4616.1056582053525
16437,8150.123815697464
16438,7395.516551937087
16439,5782.90226706011
16440,7252.583699939732
16441,3885.670994546925
16442,3485.9408207176175
16443,7649.170710128363
16444,3864.819081888784
16445,7486.710063812929
16446,6840.170760997049
16447,4722.133052362202
16448,6979.97418200994
16449,7145.025854936459
16450,6189.864256161453
16451,4305.3779573983975
16452,5156.398978367829
16453,6169.761718385038
16454,4212.257328492471
16455,6048.746041397702
16456,4025.110180143215
16457,8100.07918038794
16458,6333.795113612157
16459,7027.086042609822
16460,5004.196654095993
16461,4036.421611139777
16462,4423.947803779825
16463,5078.964000388595
16464,6222.488094711787
16465,6826.332122680147
16466,7496.452401424173
16467,5622.054751121397
16468,6075.371376223062
16469,4232.418791159569
16470,4832.399922488059
16471,6462.2474152501545
16472,3934.498396622715
16473,7487.4260235662305
16474,7991.247216508732
16475,7890.402703838385
16476,4208.178267195632
16477,7083.125902266582
16478,6197.713406613472
16479,6264.665651943057
16480,3513.881116765652
16481,4376.97574975844
16482,6542.163568161975
16483,5334.767374334927
16484,7407.469906670281
16485,7339.9244428557395
16486,5378.667629959487
16487,3746.037631514149
16488,7263.814418581328
16489,4490.0839433087895
16490,7063.185277718376
16491,4868.3847689881995
16492,6845.778716388468
16493,5972.697324717582
16494,5211.770001945893
16495,5621.548901078295
16496,6599.960817604994
16497,6524.130137299935
16498,5043.515021612273
16499,6328.791851084163
16500,6072.704067905437
16501,7520.692979500211
16502,6026.700039339195
16503,4101.335939585679
16504,5720.313844246505
16505,6943.40734947364
16506,7118.511532121334
16507,4842.022519850058
16508,6382.9709219557635
16509,3717.8912259966887
16510,3815.9469731157974
16511,4439.107614800962
16512,6983.341340765282
16513,6260.781184987947
16514,5779.862466814606
16515,6048.2433868059625
16516,7376.446260416609
16517,6066.1859512609735
16518,6816.434075814552
16519,6400.266569580471
16520,7050.653171337397
16521,7181.168133550731
16522,5578.36932637712
16523,6354.258086856473
16524,6614.980820614847
16525,6177.16934331658
16526,6011.863799651174
16527,4016.3840328439283
16528,5538.190080525358
16529,5589.545889074812
16530,8038.148816151912
16531,7816.236250575233
16532,2004.8492728076144
16533,5751.017371013029
16534,7305.647784065633
16535,5882.958598805286
16536,5877.307078233811
16537,7329.008014732325
16538,6117.468220753002
16539,5080.747997091663
16540,2933.10383383375
16541,5351.588189146954
16542,4055.063473266247
16543,6020.012587423981
16544,5665.729696176986
16545,7354.072497459096
16546,7266.692624038591
16547,6125.874275083826
16548,5375.407555492557
16549,3612.462594040984
16550,6160.8873392028645
16551,7338.100624344862
16552,4338.790061970137
16553,5400.946351951646
16554,6482.937653342274
16555,5346.93575087921
16556,5847.247159378529
16557,7261.3291709472105
16558,5962.147242269294
16559,3362.51837255801
16560,5340.352220108435
16561,8365.997419574078
16562,5845.911900065868
16563,5823.558438261311
16564,8108.068177257617
16565,5095.287143813452
16566,6029.785744995841
16567,6693.270712095771
16568,5337.946675834929
16569,6309.013022836079
16570,5364.717301287656
16571,7436.61140515696
16572,7648.376490140625
16573,5098.166048144205
16574,6056.222384785602
16575,5655.7238314909
16576,4415.781320199687
16577,5955.363856379674
16578,6104.987827956138
16579,6340.341489459482
16580,8149.017075583151
16581,5872.183578840057
16582,6705.759907150243
16583,4527.523437750869
16584,7455.529520320421
16585,6717.099419240504
16586,5520.597171043348
16587,5892.24585876059
16588,7787.296328919971
16589,6167.961397630549
16590,6902.3560172284915
16591,7038.112721199176
16592,6610.129559932742
16593,5217.6536539081635
16594,4908.70168952507
16595,4036.1750771540205
16596,6284.457057671934
16597,6544.033955020855
16598,6644.58261478234
16599,3905.717599641044
16600,6602.721286463897
16601,7478.545875876674
16602,5215.05009398915
16603,4648.903328806487
16604,5619.476951143622
16605,7295.3832175030675
16606,6483.11596859604
16607,4998.626864415708
16608,7411.062050482913
16609,5876.808164449321
16610,7713.112876561011
16611,5674.2267790030355
16612,7223.125038400158
16613,5743.449678141063
16614,3087.2148718699823
16615,4009.893627137375
16616,6999.422483127118
16617,3779.1984784525253
16618,4413.437178003863
16619,5430.883060808804
16620,7525.437471271255
16621,7877.1085549646905
16622,7128.807653407787
16623,6941.711862533014
16624,5345.446058100016
16625,6539.48475031015
16626,6262.313523930562
16627,8020.179547768329
16628,6102.781784197434
16629,7295.863159788185
16630,6512.094935317274
16631,5250.0495364695425
16632,5638.109325530824
16633,6518.001468210092
16634,6208.185939734037
16635,5421.39768400206
16636,6242.692321572928
16637,6917.414058984665
16638,5311.666631040528
16639,7764.631879479666
16640,4767.684751801735
16641,6578.2748313106995
16642,4343.449769680605
16643,6404.260849972595
16644,7477.610090358663
16645,5759.974886735894
16646,4305.050367267191
16647,6348.660058825912
16648,6928.608691140159
16649,6507.072523544319
16650,7509.678080528176
16651,5503.315465388825
16652,7195.429916622319
16653,5800.874637014043
16654,5367.183263325704
16655,4304.223567512656
16656,5544.322113251728
16657,5990.709991489451
16658,6449.920595275138
16659,5489.9244639518565
16660,7080.386173316258
16661,7166.20210426942
16662,5277.091518637583
16663,4039.3806818389403
16664,7249.129309153719
16665,5562.575638117933
16666,5308.15107554969
16667,5053.268395601439
16668,7848.421827709434
16669,7711.945304507031
16670,5359.770323108698
16671,6800.866666130005
16672,7784.180391909584
16673,5670.007671580442
16674,5734.198727640665
16675,8055.82504407307
16676,6123.4977566764965
16677,6830.575678022929
16678,2823.3785527167593
16679,7005.000138978616
16680,5494.3452968065
16681,4277.005887019444
16682,5639.5399556036455
16683,5384.163920215403
16684,4562.162928755715
16685,5700.838999459239
16686,7055.410089526518
16687,5278.8933048122435
16688,7347.8619456185
16689,5246.286377756173
16690,5278.153941352644
16691,5528.435600026135
16692,6110.725580146391
16693,3314.5106711532894
16694,5554.642834192937
16695,6656.502445956645
16696,4540.260172203892
16697,4463.4737741262215
16698,4944.9164918481965
16699,6175.222028685741
16700,7277.761316514171
16701,4821.563388332169
16702,5351.241898277298
16703,6682.157650884504
16704,4809.816607440915
16705,5910.911439982551
16706,6617.426656053133
16707,4289.00456137291
16708,6717.017967670108
16709,5992.531910505
16710,8387.233612839456
16711,5662.405833472484
16712,5579.934592280846
16713,8153.929220974644
16714,5824.419412925297
16715,7228.801830499551
16716,7817.491657269011
16717,7582.533089865798
16718,5112.207600508268
16719,5686.099691892806
16720,5421.252074485577
16721,7645.779352694695
16722,4807.374557700576
16723,4669.470066738093
16724,2784.70616710973
16725,6034.867173805884
16726,7031.755770880528
16727,5361.981471889106
16728,6255.979336960183
16729,7038.104481135079
16730,6494.8234654185435
16731,6159.017612012194
16732,3090.3479423574017
16733,5632.430132540575
16734,3440.8632718509334
16735,4804.873395944265
16736,5897.442268469698
16737,5336.572214720776
16738,5305.831473168676
16739,6189.126896780661
16740,4123.433092309657
16741,6968.127236432471
16742,5655.5479915257965
16743,7412.673744671369
16744,6396.983567623415
16745,6173.370480266859
16746,5540.638427943041
16747,4495.568749737379
16748,5524.78238995995
16749,6461.516631674505
16750,7433.3537469152525
16751,7692.584831145499
16752,7275.165639456949
16753,4849.5459569200575
16754,6519.017231599011
16755,5532.047068407978
16756,5688.585014328799
16757,4416.349342000791
16758,4941.678730085967
16759,5849.613875810339
16760,7486.598282323728
16761,7780.900863560251
16762,3516.6952729458894
16763,6675.693435967735
16764,6034.165260574732
16765,7316.2651857743185
16766,5967.0109957999975
16767,5899.7565825930915
16768,5457.867581420334
16769,4478.275715634577
16770,5672.402412794886
16771,5673.671264493066
16772,6170.203838358603
16773,7044.388755844726
16774,6837.271968557846
16775,5494.9627574977685
16776,6972.267959342572
16777,4517.260932523162
16778,8014.497513548741
16779,5524.0574497328735
16780,6737.334739025582
16781,5005.195250034954
16782,7258.988107908063
16783,7433.28816604135
16784,6211.767965480983
16785,6412.448168632625
16786,6044.201503083046
16787,5800.365690505546
16788,4839.719398653431
16789,5657.575168245799
16790,4627.031758164632
16791,7754.883591902762
16792,6241.776126353047
16793,4737.103842714546
16794,6812.117969999514
16795,6548.651129433871
16796,5492.082810522076
16797,6321.919366338821
16798,4603.326601269962
16799,6084.804772400184
16800,5654.791231301975
16801,5712.275834842821
16802,4375.991072517196
16803,7658.483471425914
16804,6351.611120054142
16805,7404.665539695676
16806,7043.8673435635965
16807,6898.443986614503
16808,6603.964012007543
16809,7973.9998378641185
16810,7611.1075464530295
16811,6045.1111924565
16812,4693.00091656713
16813,6597.419976874206
16814,6093.23565552471
16815,4906.265953294642
16816,5703.090986724273
16817,6290.029069302527
16818,7331.3217189588395
16819,7487.721480255589
16820,4552.40695019454
16821,4620.196826755026
16822,5792.4298294269975
16823,7323.62197290511
16824,7711.5381823518655
16825,7055.254820771498
16826,7551.620550846374
16827,5434.668139480909
16828,8020.408853755427
16829,5513.143672513316
16830,5270.620376334088
16831,7550.668878766079
16832,5743.0356418362635
16833,8266.720676523011
16834,4812.4762145255445
16835,5617.412679483859
16836,4543.523482305156
16837,5951.557958038915
16838,6649.56269285107
16839,6187.264231829693
16840,8536.369464157764
16841,5208.178301025815
16842,5749.9489199740265
16843,5594.294525757883
16844,6584.079291387763
16845,3356.172528821825
16846,7262.5090356257715
16847,6913.837875771223
16848,4461.685366630489
16849,5437.765361860977
16850,6864.790740804102
16851,5539.328688988184
16852,7802.007967168925
16853,6382.729379518879
16854,7430.392275239191
16855,7358.514651335645
16856,7696.063045834893
16857,3726.422592542958
16858,5508.6597236669595
16859,5359.008555537785
16860,4406.788144298376
16861,7385.913370136525
16862,7759.0858163736575
16863,7835.7665571836615
16864,8070.84750465198
16865,8246.780342880078
16866,7587.930156512912
16867,4031.7854114676247
16868,3219.2290265917386
16869,5237.807037039825
16870,4221.280480262328
16871,6443.316888878745
16872,5453.490228749812
16873,5925.4377551938405
16874,6696.070446187572
16875,6246.4852341977075
16876,6611.6772550517635
16877,7330.561010374776
16878,6008.785570108237
16879,6851.053960170346
16880,5479.3806606777825
16881,6687.8647870556415
16882,6351.771198928956
16883,8201.84587512557
16884,6784.299115699709
16885,7204.169635530252
16886,6510.039486368491
16887,5801.822527997253
16888,6309.20551380983
16889,7424.879060987826
16890,4971.653769669496
16891,5650.072838367463
16892,6334.384148441058
16893,4766.685942952249
16894,5411.766694499936
16895,5096.505151573358
16896,4787.284201302947
16897,6780.373297220229
16898,4709.078958567514
16899,7804.929709655995
16900,5912.512472798207
16901,6245.650955919002
16902,6159.431448542111
16903,6993.0678403277125
16904,5292.820728392337
16905,8075.412803584385
16906,5946.47063369283
16907,4058.2156635902247
16908,7113.138326814116
16909,5519.1217038910545
16910,7483.866467989385
16911,7659.116914178737
16912,6302.980649661954
16913,4998.590930344605
16914,5118.0608717928135
16915,4193.151138464525
16916,5638.89218153419
16917,5989.665716635047
16918,5776.896307119876
16919,7134.0385600574555
16920,3262.0066505547024
16921,6590.884863850761
16922,6567.583854175433
16923,3180.839978311038
16924,2948.8795591183393
16925,4527.278032296414
16926,3967.621932125605
16927,3836.301591878382
16928,7324.478003163953
16929,5922.068667034702
16930,5438.354333968148
16931,4639.853603773759
16932,6777.027739333918
16933,6693.0599992302505
16934,4954.464004946494
16935,5409.930478143313
16936,5721.41254924841
16937,5761.8949492884185
16938,5407.024221507668
16939,7138.869808552552
16940,7235.234135036405
16941,3868.0496486069387
16942,5406.175270092852
16943,6070.628033018594
16944,4875.301990527973
16945,6166.4055158014
16946,5744.682944581361
16947,6606.861002939314
16948,6608.50331029729
16949,6068.096451657945
16950,4688.481378604894
16951,7760.132139384155
16952,6504.7361421694695
16953,4883.2877499044735
16954,5159.990594526808
16955,5757.155469003861
16956,5775.064462655999
16957,6854.669482938973
16958,5974.035185268714
16959,7042.480408667816
16960,5668.277693075177
16961,7449.622758323938
16962,7023.112672002375
16963,6511.113442145963
16964,3608.0793907483503
16965,6173.963764175466
16966,4939.890330505046
16967,7071.363571667418
16968,6452.749802595596
16969,6259.301041398507
16970,5314.937519163217
16971,7431.789210680277
16972,5863.544214573143
16973,5759.62181575417
16974,5263.589640583518
16975,7623.948088250995
16976,7469.243010116688
16977,6841.938475001487
16978,6189.175071646283
16979,4768.815279503768
16980,6625.158332191955
16981,7869.147336140275
16982,7213.489535113818
16983,6897.551775653889
16984,5925.502439548674
16985,7884.278147102699
16986,5223.093183264907
16987,7309.7686232242395
16988,3609.108406277798
16989,5632.4481336157805
16990,6234.814031923073
16991,4219.020741343205
16992,4496.824278735322
16993,5459.429636407152
16994,6072.248707549585
16995,4191.144426549094
16996,6870.051913089104
16997,5745.622593457436
16998,4556.0343575351135
16999,7574.638903723977
17000,6382.538304979309
17001,6172.9019429993505
17002,7855.835423558969
17003,6957.670766642193
17004,4775.861393668977
17005,7051.322251598844
17006,5256.407238328422
17007,3354.018498882562
17008,4504.24132701309
17009,5762.142745672317
17010,7756.7176319987375
17011,5782.241543139055
17012,7926.9666103576965
17013,4084.930140560333
17014,5476.457710720561
17015,7355.440716763166
17016,6545.931374973094
17017,7540.607276864623
17018,6147.691128349562
17019,6664.21356179123
17020,6948.73827111001
17021,7060.514142916088
17022,6511.335101622943
17023,5992.291300948779
17024,7116.7914100972175
17025,5791.495027248729
17026,4734.634176131227
17027,5459.972018856608
17028,5594.534438558229
17029,6511.960041092576
17030,7531.319927237527
17031,5036.898346691571
17032,5922.6255805626
17033,8078.227693124333
17034,5579.811939567719
17035,8042.42140837195
17036,3116.679293312551
17037,7287.160808165711
17038,6110.68566361416
17039,4462.057052282034
17040,5906.637632590147
17041,7105.848068220332
17042,6316.592102827693
17043,7451.010364819635
17044,6409.154982994973
17045,6242.197990326666
17046,4793.870239412287
17047,4839.079917931511
17048,6303.9855231829415
17049,6857.986709827117
17050,5729.675266510803
17051,6958.013050848034
17052,6633.926473968147
17053,7829.584122673886
17054,5371.947946448768
17055,7604.5448953896375
17056,6000.666557291369
17057,6052.865780602678
17058,4203.093986052271
17059,5822.201140586793
17060,7965.421131496205
17061,5074.544882626369
17062,5508.006188931905
17063,7443.49081524092
17064,7202.405253147048
17065,6999.008154905119
17066,5622.493933601152
17067,6720.313374587126
17068,7086.998991849401
17069,5453.870755127235
17070,4789.267463359725
17071,8149.820574729703
17072,7286.929353349426
17073,6223.801641479353
17074,7391.492831999368
17075,6847.984114357439
17076,6613.9604007885355
17077,6606.966582692141
17078,6764.2415399775555
17079,5752.52922964786
17080,5272.9118001911
17081,5246.143918039983
17082,3206.526070276827
17083,5806.7024715680245
17084,5731.3414505374085
17085,6330.968122298204
17086,6575.781557476134
17087,5934.342749900899
17088,5946.55657142709
17089,7340.5195101056825
17090,4463.207332155491
17091,6285.296386447297
17092,6356.312687326748
17093,7386.320352429232
17094,7945.456587322724
17095,6311.529527609302
17096,7155.102064147501
17097,4263.449114428624
17098,6869.228190374494
17099,5258.520660486111
17100,7991.448097505801
17101,4605.706117047674
17102,6642.555603905875
17103,6453.038078948317
17104,4217.926247066602
17105,6946.682856330528
17106,7381.352842755822
17107,7684.672189593903
17108,4795.864755094073
17109,6182.202818254614
17110,8018.41826084598
17111,4266.024777915836
17112,7726.623535538199
17113,6469.52941608853
17114,4648.310801363661
17115,5636.281526004389
17116,5362.003938088543
17117,5281.897059838304
17118,6633.653016015483
17119,4487.333455980199
17120,5333.573664208902
17121,5368.186778008808
17122,5542.285445872388
17123,7309.316085058195
17124,5228.282259489289
17125,5745.197075245258
17126,6794.056482820277
17127,6400.9681053022805
17128,2988.084266845771
17129,4949.000946436603
17130,7763.908747834333
17131,7572.66168446155
17132,7138.228851266242
17133,5971.481502633175
17134,8093.402239028643
17135,5784.424809202733
17136,4321.590326111011
17137,5166.176097736466
17138,7265.694612320476
17139,7490.476336250663
17140,6125.602994377418
17141,5904.2828919581125
17142,8423.919501359509
17143,6369.985796471726
17144,6551.46411255535
17145,5410.296309662884
17146,5809.205247745964
17147,6600.931736831108
17148,5342.389524619138
17149,7294.3947162496725
17150,6631.946578260918
17151,7020.034690430112
17152,3080.544645292221
17153,7598.471614764605
17154,4374.503902237821
17155,7217.262369153256
17156,6923.155098033915
17157,5737.567406516655
17158,7329.2647243440515
17159,6817.687155555259
17160,5513.578197728546
17161,6019.173761549237
17162,5507.939507582095
17163,7230.0091040713305
17164,4258.901666300295
17165,5749.141085716672
17166,6546.888221567749
17167,5932.3914919837225
17168,7597.1262237642195
17169,7547.594441449897
17170,5019.594890524481
17171,6242.352743780408
17172,8140.533549024534
17173,6759.956780437473
17174,4664.867841621031
17175,6161.296159815692
17176,7452.501496496007
17177,5369.912014664553
17178,6926.707749259574
17179,6437.530104703137
17180,5424.777419752278
17181,6846.994223542973
17182,6233.427736599517
17183,3812.696666080554
17184,3695.2890459543814
17185,7201.29434341928
17186,5709.549542269129
17187,7636.147795343103
17188,5081.413989607141
17189,4942.490340446185
17190,7285.999380570065
17191,7244.10293099799
17192,3155.934820210103
17193,7232.911458071203
17194,5364.713743655524
17195,6014.620460623383
17196,5345.628593114538
17197,6062.467784837188
17198,5552.583031906497
17199,7350.4640871888005
17200,5790.074758341541
17201,2831.039275706412
17202,4847.393473595676
17203,6461.462395117078
17204,6504.646949014402
17205,4196.2639906465365
17206,7075.918713666449
17207,5316.515049289508
17208,4376.72975806642
17209,4678.358997308819
17210,5003.448082959529
17211,5959.490752568149
17212,5801.994555720791
17213,6774.436150956583
17214,4546.835084454965
17215,5201.2701825461
17216,7579.908721322372
17217,6248.706384272457
17218,7984.53782912146
17219,4526.840729582847
17220,4984.64731303261
17221,4554.688923443003
17222,5976.0212694940155
17223,7384.095387634758
17224,6855.777969708983
17225,4921.224040672785
17226,6740.617803920084
17227,7752.6399351457185
17228,4743.754712690424
17229,6508.832878119612
17230,4878.654416681666
17231,6054.871459255427
17232,4328.717466090638
17233,8046.263779400416
17234,7093.633778871106
17235,7715.571859047306
17236,6937.910809233218
17237,5712.290275514476
17238,6143.38506321844
17239,6298.798383546519
17240,7549.97044556994
17241,5008.908558211157
17242,6539.016844447582
17243,3487.1714135457382
17244,5725.139175491114
17245,7653.469899339569
17246,5809.331462831308
17247,6949.601154169193
17248,5258.609098373309
17249,7435.555023196328
17250,3078.25829248502
17251,6122.254491271289
17252,6655.175214780997
17253,4640.775864914164
17254,5542.851766655724
17255,6042.867038390264
17256,6092.355277680958
17257,4730.406514848277
17258,6852.17312896867
17259,6157.840609920455
17260,5872.697406283765
17261,7790.097867739758
17262,5540.086396285491
17263,4170.563039218727
17264,5475.38869859263
17265,5712.665525051392
17266,3632.7473818623935
17267,4222.51400530833
17268,5265.50554418637
17269,7431.0575171072405
17270,6881.464312004398
17271,4117.731239335293
17272,7776.83410751805
17273,4874.829022606471
17274,6455.346729273207
17275,5523.277147315352
17276,4844.742823537813
17277,6667.7215019172145
17278,5948.465233944742
17279,3944.4655444778004
17280,4004.8944520389637
17281,6127.57698363157
17282,7457.4045548086
17283,4379.885140291195
17284,7226.417934301334
17285,7099.573311741868
17286,4666.086462872621
17287,8039.74323373332
17288,6681.378853774949
17289,6887.019070230388
17290,7356.42367173151
17291,5948.487356296139
17292,6314.130118194644
17293,6107.635147735723
17294,5647.107207370127
17295,4194.408709811808
17296,7589.708271916491
17297,7845.159300448209
17298,7619.452429732471
17299,7313.623872010408
17300,7587.530335944843
17301,7347.419541243902
17302,5694.898482517959
17303,7185.3983859422715
17304,4907.019879290658
17305,7886.035357629449
17306,6588.2774083603035
17307,6465.8810543209365
17308,7127.911733729905
17309,4408.73018172539
17310,4928.797942434217
17311,6920.235766529983
17312,6254.338767031175
17313,5814.071462523847
17314,6704.417905358261
17315,6002.832587195773
17316,3465.5667949773697
17317,8303.228266013934
17318,5960.066540802473
17319,5710.81889976687
17320,5414.645459030828
17321,5582.863421997325
17322,5618.1048554227655
17323,6861.38234571392
17324,6694.714108051693
17325,3087.1727036396624
17326,6080.990187181196
17327,7144.613795181409
17328,5384.819825467548
17329,4431.84802231725
17330,4087.9421365537437
17331,6461.066605839911
17332,4215.505764504077
17333,5364.490641084718
17334,3914.5608338589404
17335,6635.669452282661
17336,6810.42819283802
17337,7847.456099398309
17338,5637.305401914097
17339,7458.118111276465
17340,5641.15770908949
17341,5760.8273157184585
17342,7515.779534143179
17343,5432.493276803944
17344,5551.1205502782195
17345,6614.443654552841
17346,2111.246438967445
17347,4257.733183443937
17348,4754.023081049714
17349,4899.620989998603
17350,4734.754182220198
17351,4869.191071800305
17352,6921.686970743578
17353,6112.651993627037
17354,8167.6117436560135
17355,4446.112504543005
17356,5940.227409822903
17357,6555.80935418323
17358,7131.147276918824
17359,6965.4613877084985
17360,2303.2018227307267
17361,4063.1545331171596
17362,6101.458076614118
17363,6956.444600192068
17364,6563.291390780674
17365,5564.650833457534
17366,5851.522679427
17367,7231.316520910335
17368,6805.766473532743
17369,5787.368695140427
17370,5260.468852306644
17371,6801.902593955854
17372,3841.989432763804
17373,7001.461444224803
17374,4653.234975909392
17375,7484.074581673352
17376,6709.42563931698
17377,6789.32595859707
17378,5504.129764833466
17379,5184.517796014693
17380,7024.03659802694
17381,6984.971946662307
17382,5263.391080614249
17383,4341.232645877833
17384,5611.4992020223945
17385,8075.145107111866
17386,6542.581972835819
17387,4451.155463060563
17388,5674.310559939126
17389,4310.702174899562
17390,3734.837193488346
17391,7279.753963619925
17392,3821.8399069773113
17393,6500.980609836201
17394,4692.211847697333
17395,7426.42653271992
17396,5333.086276314294
17397,5594.834087333267
17398,3322.124639894741
17399,5355.255872159678
17400,7060.572388856118
17401,6319.87543219709
17402,7555.682306923406
17403,4611.601639086544
17404,6979.166520868775
17405,6206.687319785758
17406,5381.079103415979
17407,7429.688388818434
17408,5758.775364044973
17409,7522.066566994515
17410,5966.48371649837
17411,4865.388540743907
17412,4112.782068804636
17413,7089.034388327378
17414,7195.046367175462
17415,2155.812003561544
17416,6319.969773206042
17417,6277.308457082126
17418,4160.588319677141
17419,6188.925892531657
17420,7418.453494001641
17421,7283.785924326274
17422,5433.386180200304
17423,5607.631004401699
17424,6993.906926109104
17425,6801.107271508514
17426,4146.016019916305
17427,5737.078109460701
17428,7363.751800301338
17429,7855.453384762728
17430,5771.892190535348
17431,5351.825068837832
17432,6003.998101993772
17433,6780.94204845949
17434,6185.894534170302
17435,4429.8344450255445
17436,6969.552092478678
17437,3865.439549261605
17438,4650.374189291574
17439,4586.234361802412
17440,7156.426726838244
17441,6504.888469627591
17442,6122.6775530937675
17443,4660.924284485598
17444,6242.426838161862
17445,8349.361920775274
17446,5588.120221581908
17447,6537.005892262516
17448,5390.145307617638
17449,6363.194244800009
17450,7191.642201136806
17451,6271.12420536789
17452,5190.5715630220475
17453,6621.611136281012
17454,8002.851067091937
17455,7592.942614250605
17456,6440.987890144692
17457,6206.023173864076
17458,5994.31217798795
17459,4331.491154836055
17460,5755.933152010163
17461,7244.589809403281
17462,5427.141536319567
17463,6928.220135591895
17464,5393.170691887852
17465,4171.221438686331
17466,6399.6871590443725
17467,7055.2085881004205
17468,5818.172724504866
17469,5843.90064408041
17470,8339.757578075287
17471,5085.285876693236
17472,4042.704035031602
17473,5457.43937365475
17474,7576.406371435174
17475,5602.448963602555
17476,6106.894987313729
17477,7252.775934888757
17478,5953.832815209102
17479,3401.4086543110516
17480,8091.309938486963
17481,5764.972383590534
17482,5638.807180340253
17483,7309.13402489821
17484,6599.220328757435
17485,6564.2948460128455
17486,6524.610296661085
17487,6406.299439070237
17488,5016.133553461864
17489,5273.578859471279
17490,6513.016100671286
17491,6819.378277020308
17492,6149.990215756437
17493,4972.295416268451
17494,6460.009522032579
17495,6111.444196968386
17496,6842.301085896518
17497,5581.287785479671
17498,7771.829481474193
17499,6868.291625560152
17500,7217.317522011926
17501,5540.209795298794
17502,6161.410708960127
17503,6657.396645386666
17504,8474.316992546366
17505,5786.650235868985
17506,6328.627252400073
17507,4016.660954823277
17508,7016.248213298553
17509,3047.8339467078963
17510,4463.025296207304
17511,6827.052282102917
17512,5457.980288845211
17513,4849.357051370855
17514,4985.475929715926
17515,3646.926837443522
17516,6064.19641489669
17517,3753.4349613018144
17518,7109.9558289579845
17519,6586.175437701027
17520,4366.888007905009
17521,4579.213399827858
17522,7809.51753377289
17523,6124.5308088342335
17524,5061.752760767115
17525,6683.665152069279
17526,6214.144683783416
17527,6754.443478979154
17528,7236.932700372896
17529,6448.447611191343
17530,4347.52208196987
17531,6114.723207171931
17532,6341.323059258952
17533,5863.820468054327
17534,6414.160264056877
17535,6836.446633930424
17536,5945.978250846677
17537,4402.371445732355
17538,8061.753477511125
17539,4501.040887720102
17540,6276.999153000252
17541,5808.251829003961
17542,4157.012273488343
17543,5544.724168651339
17544,6112.8217754693815
17545,6424.197176701409
17546,7101.891066153522
17547,5624.504141413098
17548,5701.239506360086
17549,5766.233566135723
17550,3708.501562407795
17551,5098.342883394585
17552,5955.606126628397
17553,8453.424131792137
17554,6118.625564901875
17555,5382.742309725782
17556,3694.2775333507543
17557,6342.912175845363
17558,6525.52767078932
17559,5636.362841462391
17560,4661.923137686563
17561,4627.962192617871
17562,5585.397008664654
17563,6341.5657798068905
17564,5133.268479341306
17565,7925.307033353941
17566,5571.0820748805245
17567,5812.205114815024
17568,6247.359253335568
17569,7974.169559574404
17570,5518.757901645504
17571,5194.369520270106
17572,4985.588012863158
17573,6062.521196090427
17574,6202.065093716744
17575,5633.550895033114
17576,4422.309476075712
17577,5748.910770616024
17578,6166.242075382985
17579,5438.399387470067
17580,6206.062921452263
17581,5395.4039992380285
17582,6838.339932172706
17583,4675.652404649769
17584,6130.287329942772
17585,6437.883537441319
17586,6732.2766862795315
17587,7295.555473235772
17588,5004.7576965730495
17589,8286.837923239
17590,5874.035660761541
17591,5552.449582693349
17592,8008.522586084447
17593,8173.682874419697
17594,3628.0721198784995
17595,5036.777879084329
17596,7160.053757608803
17597,8362.516357537817
17598,6893.226119114364
17599,7084.187817699865
17600,5534.822309638095
17601,4246.736445797418
17602,7211.130082500686
17603,5803.26860074676
17604,5736.690223401483
17605,4348.475553776261
17606,5539.805119029211
17607,5604.4058518744405
17608,6195.440307935845
17609,5136.626439036165
17610,5120.331314945731
17611,6026.656112430448
17612,6639.82943531783
17613,7640.0389432779975
17614,7190.950173032216
17615,6855.710857443362
17616,4323.712533605751
17617,7004.614260221481
17618,4384.868313082804
17619,7062.519380936815
17620,7593.681652254844
17621,3390.167536797992
17622,6659.3093793650405
17623,6351.780852936004
17624,5071.156575195544
17625,6514.850280912138
17626,5847.871996126205
17627,5998.330481499633
17628,6778.644625218749
17629,5679.89028791166
17630,6230.3147476173535
17631,6179.897258795056
17632,6172.347241044946
17633,5550.153533221489
17634,6278.077686415723
17635,5327.208078896086
17636,5225.258429741673
17637,7149.8320433848985
17638,5255.245793452187
17639,5118.187010168484
17640,4215.480215153491
17641,7294.523175519238
17642,5404.116623465587
17643,6146.053266622929
17644,7830.387119583677
17645,6243.8236653590775
17646,7756.873739515382
17647,7334.320261564859
17648,6471.027249682535
17649,4548.974925947077
17650,4827.584209254776
17651,5810.025141471707
17652,3157.479177335559
17653,6949.222470751507
17654,8017.364483195894
17655,6579.370197903516
17656,6474.066723301573
17657,4551.155573768169
17658,5068.84845087143
17659,5332.237878094324
17660,6811.917708133861
17661,7042.476845000584
17662,5463.12636675509
17663,3404.521811286198
17664,1893.1229351811953
17665,4094.3941869187784
17666,5853.7745035340395
17667,5257.563963798793
17668,7479.306447764752
17669,5783.140304006595
17670,3375.981490529439
17671,5070.869092130056
17672,5273.923025943127
17673,7427.131557672409
17674,5741.761028205515
17675,4393.783195774619
17676,6645.476290535363
17677,6631.707873323946
17678,7667.264327882683
17679,5914.950595454696
17680,6514.736663101558
17681,4266.500333682392
17682,4729.014228872569
17683,5434.479766765639
17684,6126.352709799359
17685,7197.7941791274825
17686,5306.663894523636
17687,6188.826897107349
17688,6806.128075680717
17689,8219.34754825857
17690,7170.484084594136
17691,3135.7345591660282
17692,5118.705036682874
17693,4561.602078892044
17694,6038.551176595437
17695,4700.153603942854
17696,8216.979251447681
17697,7506.284922124412
17698,3385.7028498434865
17699,6369.036991142362
17700,5089.881723949149
17701,4262.063833894128
17702,4506.2334842837945
17703,7296.314616185346
17704,5662.12219100877
17705,4449.921621109641
17706,6201.707448209591
17707,5908.847430742091
17708,4229.0631718765935
17709,6139.808049649356
17710,4666.78578754256
17711,6904.705647799151
17712,6302.087678266629
17713,7054.714395040371
17714,5981.218761970566
17715,7014.644992838163
17716,6694.10177928626
17717,6039.611509984158
17718,6437.881740828265
17719,7825.358708460628
17720,7281.98506626812
17721,5950.787313302006
17722,7577.998205609498
17723,4438.032407608052
17724,6136.246678059006
17725,6928.676878761468
17726,6291.2549861478365
17727,5947.597966779722
17728,6575.610436314197
17729,6634.412007113865
17730,7834.959384716365
17731,3803.341601811118
17732,7515.863186828328
17733,7097.3461334025915
17734,4216.406028691632
17735,6872.588930740663
17736,6895.354519903565
17737,6031.516674890297
17738,7028.068647191345
17739,6474.712194487996
17740,6749.416964482366
17741,6870.18919954552
17742,6971.497500800757
17743,6619.055056109981
17744,7339.310524763405
17745,4278.370430461677
17746,5334.613871641067
17747,5342.592936465143
17748,5309.333083996777
17749,4257.2079365982045
17750,7178.8113035522765
17751,6944.612320408274
17752,4330.760766858383
17753,5532.930864533187
17754,6865.682480905324
17755,6562.816500142568
17756,6674.111695296691
17757,4932.35253992769
17758,7383.869953032984
17759,6528.1268765224695
17760,5655.5634953571525
17761,7369.864992455878
17762,6824.153370712501
17763,6693.539318618999
17764,4682.72573278753
17765,7851.532313430667
17766,5796.153106937484
17767,7726.74701471191
17768,6265.698708009517
17769,6282.563864857647
17770,5655.941547053663
17771,6784.212124957854
17772,6562.373874836297
17773,5308.996318541658
17774,6806.445846796191
17775,7863.425311435167
17776,5930.554969812293
17777,7206.795510724922
17778,4535.753690379498
17779,5951.189960728549
17780,6373.456789657209
17781,7350.3670266142835
17782,7688.925196967055
17783,7239.084766492364
17784,5822.69393960148
17785,6760.062704082679
17786,7103.400153916362
17787,5041.3117882506795
17788,7572.4799156268
17789,7154.676171517669
17790,4221.635578618528
17791,7564.350007144484
17792,4084.5442359063295
17793,8221.400732824826
17794,5587.843185059032
17795,5602.675681722738
17796,7737.965898560976
17797,6549.316128580418
17798,7679.917890055072
17799,6167.742247159129
17800,6593.252731617062
17801,4820.16544718218
17802,7259.041788237072
17803,3937.4877140548256
17804,2638.051618702681
17805,7067.921423309289
17806,3941.429998509792
17807,6811.054495517286
17808,5336.6903954501795
17809,6595.17748398815
17810,6550.026808346437
17811,6798.029343731915
17812,5080.826615480638
17813,5324.575683524199
17814,5480.406257145632
17815,4852.727505386044
17816,7962.909718823827
17817,6573.641009626799
17818,6926.922100127451
17819,7386.611685938991
17820,7691.917428403334
17821,5309.855884231986
17822,6567.814034981597
17823,5748.114338394481
17824,7205.888086128301
17825,5830.497277093927
17826,6144.9802008059905
17827,5268.309109198457
17828,6542.083665240273
17829,5100.441093905751
17830,6585.18758716974
17831,6140.482171912953
17832,5765.113043868937
17833,7241.779147499161
17834,5164.854975609217
17835,7024.888224996779
17836,7758.187896364776
17837,6556.012910051609
17838,7494.703822007116
17839,4172.117526235978
17840,6205.303993062384
17841,6764.210689313919
17842,5820.6877008153515
17843,6272.060101544433
17844,5771.602186385407
17845,7296.687352352336
17846,7572.565011365805
17847,5203.222410093194
17848,4670.28160956634
17849,5561.582704237539
17850,6231.493443662269
17851,7896.409601380329
17852,7432.839224207441
17853,7227.505763261884
17854,6036.897724187512
17855,7502.323809034676
17856,4361.12337544468
17857,6902.774388206759
17858,4255.162584917621
17859,6595.268970409929
17860,5282.366115598843
17861,7010.881193246928
17862,4322.131219288831
17863,7849.90105228859
17864,4960.012258576764
17865,7265.774517969248
17866,5602.091115397546
17867,7906.877962034169
17868,7716.446040921352
17869,5468.023611716233
17870,5558.077696131646
17871,5236.086932016478
17872,6097.254396099959
17873,7743.827308665533
17874,3624.375739655944
17875,1977.9940031857054
17876,6717.870452219733
17877,5795.695761883414
17878,6361.82694889455
17879,7524.711094606167
17880,5316.889126233011
17881,5694.203699727481
17882,7197.347331147064
17883,6924.953161152427
17884,6949.3834400861215
17885,5769.328716059963
17886,6567.801746634739
17887,8182.580129771734
17888,5895.692958975211
17889,6401.464585596944
17890,6710.405311744621
17891,6627.903598209641
17892,5793.281042719288
17893,5940.660998199015
17894,6557.867537130622
17895,6772.6853775206655
17896,5979.883594725576
17897,4383.936562565417
17898,6141.093659243564
17899,4399.274295345024
17900,6289.1025189182055
17901,7256.863609785018
17902,6948.935094580136
17903,5649.4706967907805
17904,4625.14227496465
17905,6568.233510590784
17906,7153.408911606827
17907,4389.636984079201
17908,7216.536826174052
17909,7533.867176338939
17910,5580.108234906008
17911,7322.02905990565
17912,5707.401216932507
17913,5084.854384158329
17914,5853.396001112957
17915,5914.45082648055
17916,6361.06570980563
17917,6365.651916388725
17918,5281.241026510928
17919,3584.4322785134063
17920,7532.881398861466
17921,4392.884658489596
17922,5460.789521069608
17923,7684.238741087548
17924,7295.139158743443
17925,4197.319001796115
17926,6730.532397815581
17927,6452.580247322462
17928,5748.081943945589
17929,6651.992066864356
17930,4468.299172126533
17931,6837.088851514996
17932,4412.757516714699
17933,7353.99769092272
17934,7529.345306190439
17935,7547.702996552358
17936,6690.922839008781
17937,6105.440214787673
17938,5933.663602452233
17939,2922.013871458054
17940,5486.03867332593
17941,7204.306884423475
17942,5418.313584579363
17943,5293.298040065834
17944,3122.3715017399136
17945,3119.6313514452468
17946,4189.62426944405
17947,5588.969459686754
17948,7619.855226538459
17949,7560.898103691469
17950,5512.454856234474
17951,8269.32349491824
17952,5087.8582261867095
17953,6931.159983848887
17954,6616.290646673255
17955,5575.655529592479
17956,6978.349452996644
17957,5363.859228455471
17958,5658.481490360668
17959,5977.4630437607075
17960,5819.855675736094
17961,4613.849966811006
17962,7208.269019751645
17963,7284.632993671241
17964,5298.071352839972
17965,6696.519392482588
17966,4140.604275511143
17967,7838.550499848983
17968,6324.534887022607
17969,5637.852268865335
17970,6859.438923494305
17971,7582.731489213357
17972,6063.518948103644
17973,4497.8816788230615
17974,5141.234976307313
17975,4037.877853812164
17976,5866.768493359389
17977,7772.373161429379
17978,5359.172717162576
17979,5073.971471988184
17980,4835.919237654176
17981,6235.823477015498
17982,5695.807355035646
17983,4281.299772531354
17984,7550.051638267269
17985,7063.006431129155
17986,6304.254093547085
17987,6212.901380720347
17988,5141.536473512189
17989,5219.931708467182
17990,6002.443146025565
17991,4545.168263060361
17992,6520.8854110266275
17993,5572.736784776285
17994,6907.148603359783
17995,6687.905818357452
17996,4498.713502439748
17997,5840.1018073315845
17998,7297.16781503385
17999,3919.7005872151544
18000,6816.158904985965
18001,4144.049909019082
18002,3385.5601103291297
18003,6779.423649824526
18004,4147.382377675281
18005,9745.210326134873
18006,5755.996808865341
18007,3096.909636654097
18008,4612.028553321493
18009,7232.670772415007
18010,4341.869189439637
18011,3511.780294304774
18012,3481.6411392501104
18013,6798.362402637955
18014,7430.678683730181
18015,4112.935776548741
18016,6521.243633062613
18017,7897.314321149458
18018,4777.914544977857
18019,4688.798240568577
18020,5819.354144625882
18021,3901.7838788486497
18022,6204.797611241769
18023,7076.742622697579
18024,5254.56296649923
18025,5268.7698297683155
18026,5718.417588277554
18027,7159.630133707411
18028,4366.337728209887
18029,6479.647259179346
18030,7265.958789506771
18031,7573.82970895182
18032,5542.879216061966
18033,6491.668625154462
18034,5397.764353308914
18035,6979.8591434495265
18036,7805.342271029513
18037,7832.944559291236
18038,6876.549248424581
18039,6559.88049730403
18040,6506.858529025656
18041,7129.863688451102
18042,6340.958897623951
18043,5658.747176866048
18044,5609.473701288337
18045,4536.827411728002
18046,5323.337941429112
18047,3954.116178969584
18048,5707.132860303733
18049,5677.092530335786
18050,4075.0811480455004
18051,6691.33286522355
18052,5064.343671492108
18053,4898.889180061145
18054,5443.783917947503
18055,7857.216921247551
18056,6059.405435558804
18057,6148.298665919874
18058,5413.7095026712905
18059,6895.63806600858
18060,3694.642075665453
18061,6573.578034008836
18062,5210.7538423731585
18063,6499.095381922552
18064,7857.247409041343
18065,7687.316210955327
18066,7064.9898667231355
18067,3264.8369702758773
18068,5930.605793473086
18069,7449.185910792883
18070,5732.29549917045
18071,7020.6353842144545
18072,5707.9056901068125
18073,6101.008182446903
18074,4907.015916756456
18075,6721.878850645541
18076,4265.268361773945
18077,6059.6187297414945
18078,5225.125423431778
18079,8161.416557481063
18080,6789.690525342542
18081,4017.354550233992
18082,7884.897065641202
18083,5116.143518510037
18084,8253.10170768298
18085,4239.406772007933
18086,4015.7425624089137
18087,8313.833911304595
18088,4470.539019301747
18089,7071.505525945334
18090,5056.145301906233
18091,7278.447696131236
18092,6918.727694977239
18093,4779.284504161956
18094,3738.9680556898566
18095,3553.377570939359
18096,4006.7073204043236
18097,4849.978177271466
18098,6349.288856652602
18099,7764.165286599795
18100,5247.040854696018
18101,6025.804609812044
18102,6948.456298311091
18103,3566.577929379577
18104,7964.144321201831
18105,5394.567846481571
18106,7075.674714397534
18107,5343.098195871617
18108,6053.760781000602
18109,5258.345168421713
18110,6431.80419723877
18111,6766.00105847694
18112,7270.846586646581
18113,4406.28211230399
18114,7897.144898873017
18115,4521.122660068011
18116,7815.453750240969
18117,5228.434686926181
18118,7665.553329719642
18119,5573.688992484766
18120,5592.4548942701285
18121,6645.650426465384
18122,4659.478530385015
18123,7314.6570441836475
18124,6059.002568905774
18125,5912.838654235788
18126,4971.1683367704545
18127,4827.716967745072
18128,6730.26597900464
18129,3713.7614957373676
18130,5003.17052925933
18131,7767.097950685445
18132,7531.916075096215
18133,5421.299091086221
18134,6597.752776837302
18135,6701.7237625630405
18136,7450.669035543913
18137,5356.3092962942865
18138,3433.227910824569
18139,6454.850243743675
18140,5120.677700503547
18141,6778.591226386763
18142,7368.89365446189
18143,4781.866803828237
18144,6374.619717238136
18145,6501.550307213711
18146,5425.885854065596
18147,6231.3537977158385
18148,5173.120361322479
18149,6259.954779618353
18150,7412.782116318902
18151,4899.582506180016
18152,6584.23554941628
18153,6891.562906296472
18154,4075.240605371944
18155,7728.983579238202
18156,7082.047712863318
18157,5045.663537282042
18158,5658.107217690847
18159,6655.172646093147
18160,7699.694389219185
18161,6443.023289792655
18162,6403.688699787356
18163,4873.457385538573
18164,6815.415366617459
18165,4013.441638795478
18166,4568.68825996204
18167,7512.33784907848
18168,8088.231930155242
18169,5685.430676873975
18170,5648.1632800225825
18171,7358.182505434592
18172,6110.71732676728
18173,4206.845437154854
18174,7881.357717535711
18175,5502.451755333599
18176,7471.634601012994
18177,7909.605643311488
18178,5735.667180536628
18179,5862.649355521549
18180,8077.998048420763
18181,7440.703679648765
18182,7216.339879530711
18183,6016.419695208275
18184,7140.548991577918
18185,7226.44513246864
18186,3559.9978074298106
18187,7819.869497739582
18188,6237.629522678519
18189,5437.162029899523
18190,3394.032081880847
18191,6676.225140185704
18192,6278.543789971807
18193,4729.19047893345
18194,7963.753324354217
18195,5668.044704919421
18196,6206.723470004644
18197,6296.1393790340335
18198,6312.143676264797
18199,7742.893280395134
18200,8007.980508282131
18201,5655.687567284753
18202,5576.945149224236
18203,8160.777421462646
18204,5088.73450172388
18205,3422.8770285254745
18206,7981.285090571195
18207,6998.76893961696
18208,6828.439316017137
18209,6202.853863148906
18210,6244.306990030687
18211,6009.514534734845
18212,4497.586569223028
18213,4700.979766994382
18214,6740.514324342591
18215,4353.975725387025
18216,5664.723747976591
18217,7146.156550958633
18218,6157.8403558334885
18219,6123.333862394073
18220,3730.4025407428503
18221,7932.4219957695295
18222,6146.2868830809775
18223,4669.9762665403505
18224,6972.342148636897
18225,5208.840394645421
18226,6184.986349052373
18227,4447.31072017186
18228,5392.954638719314
18229,5656.693537014297
18230,6561.2041520578005
18231,5896.711319942972
18232,4197.433522590174
18233,7411.251205645509
18234,7240.9555099915615
18235,5104.064963601773
18236,7140.192884443543
18237,3457.1371212883882
18238,5477.053455025673
18239,5600.086069560519
18240,5695.529803152899
18241,4705.840152965521
18242,6320.243128660946
18243,4241.640536186466
18244,5324.41811481044
18245,5029.957329381608
18246,6836.718102231665
18247,4407.036981411224
18248,5259.878800592341
18249,4888.468338189716
18250,6986.702157407688
18251,6322.613979503281
18252,6962.868645044532
18253,6891.68422604692
18254,4181.142320847852
18255,8169.728856647929
18256,6479.624154751666
18257,7514.722131284869
18258,6552.989007945258
18259,7151.3184421583155
18260,7239.394028576498
18261,5372.642178975691
18262,5208.260373136246
18263,6799.926107739113
18264,4909.725082743777
18265,4955.427616326025
18266,4619.962407343481
18267,6310.128095626379
18268,7071.854462954246
18269,8017.46510173471
18270,5412.41295203013
18271,6063.6221118667345
18272,5610.273781717547
18273,6455.335587614253
18274,5448.9903414932105
18275,6954.019588265782
18276,4181.019629232815
18277,7044.248557213919
18278,7471.717761540847
18279,7179.729671734278
18280,5950.8980803052
18281,4119.699746593592
18282,8119.752893144969
18283,7783.8428346971905
18284,5357.236466996209
18285,6775.435971577371
18286,8059.542089881927
18287,6164.187607266291
18288,7508.992331390995
18289,7701.384429000316
18290,7573.500959226616
18291,4849.826709793185
18292,8141.644406004354
18293,7002.9831433176405
18294,6150.583305017749
18295,4541.470445162289
18296,6401.043515502007
18297,6886.560443181913
18298,6979.533793594526
18299,3857.037091523463
18300,7317.803802930008
18301,5182.62739791558
18302,5849.941023335464
18303,5250.237421987477
18304,6943.689621934751
18305,5707.802131125498
18306,6224.389784003723
18307,3213.7713556753665
18308,5389.50053307868
18309,4689.081739612806
18310,5022.654108675431
18311,7745.749522064899
18312,5318.205474094056
18313,6220.971833826756
18314,6649.505842022609
18315,7573.1338955033825
18316,4581.923699109451
18317,6185.312763333149
18318,8232.260728749989
18319,4659.87051521461
18320,7017.463368712744
18321,5183.732230020878
18322,6827.42142952633
18323,5496.008686181627
18324,7440.187759282782
18325,5256.610251528176
18326,7290.5401795909365
18327,7845.511594263749
18328,8208.560949031165
18329,4613.00961536678
18330,5695.27108605258
18331,3726.9245393407164
18332,7093.250276311108
18333,5165.864179317918
18334,7175.481209226649
18335,4730.628504690495
18336,7331.391271302723
18337,7402.206995588249
18338,5714.173865152359
18339,3005.4634456981785
18340,5175.722176897386
18341,5897.171006428245
18342,5859.520829803088
18343,3359.124920299523
18344,7151.985715227227
18345,4384.3726850395815
18346,6074.377616853749
18347,3901.6617241793697
18348,6162.558194517334
18349,6074.851105505775
18350,7258.669202583418
18351,7249.894769464587
18352,7915.065263699338
18353,5807.521399707396
18354,4572.054336119365
18355,4097.085267269761
18356,5792.023870018292
18357,5792.016490759532
18358,5611.03648056089
18359,6643.029717536673
18360,3994.604111676136
18361,3685.043122088058
18362,4542.978551010279
18363,5693.689509327171
18364,6219.60152368246
18365,7108.267755190529
18366,5527.835497824682
18367,5735.615658503403
18368,7203.601195278654
18369,5271.109720074944
18370,5602.307778449387
18371,5974.947438698334
18372,7968.00549727139
18373,7166.589599550632
18374,5283.029974812498
18375,6969.974565912935
18376,4399.365499062007
18377,6977.2295633564345
18378,5134.899557749079
18379,7172.835829412203
18380,5991.075096250957
18381,6412.330920860686
18382,6221.714203815935
18383,7113.118119031699
18384,6961.27671458593
18385,5222.675949390322
18386,5224.901246339924
18387,3828.4331786157127
18388,6611.474055249414
18389,4864.815561570066
18390,6240.530590111455
18391,5937.300713761697
18392,5204.2335404766945
18393,7317.7915520273145
18394,5612.870912760384
18395,3135.1093519108167
18396,4465.391954470164
18397,4037.6387105766817
18398,4394.853104966993
18399,6256.140196673485
18400,6529.447196733803
18401,3893.2727798526607
18402,5761.525432380829
18403,5358.096741085217
18404,8065.923093519951
18405,5173.01227241458
18406,7942.380384704827
18407,6493.093973389896
18408,6551.962958870101
18409,5778.40875699306
18410,7021.546701481452
18411,6437.743470634958
18412,7215.408377157014
18413,6111.0838155481515
18414,7438.713053791131
18415,7392.482141083834
18416,7304.40355076878
18417,4865.548478431999
18418,5678.284700428517
18419,5804.270334613956
18420,6814.7151120804465
18421,6097.604378234787
18422,6806.184589803054
18423,6161.110490609469
18424,4303.7863870987585
18425,6637.438735428101
18426,6769.749983533616
18427,7316.242683973573
18428,6546.5697010554395
18429,6823.062258359197
18430,6754.948679165659
18431,5448.825064874875
18432,5408.339094237499
18433,6816.6434945639685
18434,5330.617504559733
18435,6370.396221771845
18436,5882.734187280335
18437,5730.942026030685
18438,5765.907002938706
18439,5594.393111405087
18440,6220.514581690739
18441,5517.566734502958
18442,6981.199711934647
18443,6423.320371429575
18444,7020.488446789593
18445,4776.8276761244615
18446,4560.607869862435
18447,6557.229818579823
18448,6413.947382338574
18449,7553.194187810618
18450,8021.063731475665
18451,7795.9073791343635
18452,6477.19149379877
18453,8194.230885897672
18454,7213.581991734312
18455,4104.720941330056
18456,5311.921823135988
18457,4705.698917004606
18458,6930.069276259729
18459,6426.417317362172
18460,7252.493800080002
18461,7134.532714140395
18462,4066.0379981689957
18463,7263.022811806797
18464,4492.983593402078
18465,5439.970283854198
18466,5538.413225559538
18467,4966.391837255564
18468,5575.0753000963
18469,4070.0824165910367
18470,6172.79590447416
18471,6907.888497688758
18472,5940.760948531274
18473,5328.763588402384
18474,4016.4511938472115
18475,4412.777290919661
18476,5606.964753577962
18477,4286.465705973327
18478,6366.069692623101
18479,7420.390780986218
18480,7861.095669500653
18481,5012.517253420274
18482,5033.040289383681
18483,6795.486242713609
18484,6783.656171278917
18485,5002.171181060128
18486,6436.863634624937
18487,6722.931997442158
18488,5504.3310297930775
18489,5623.962278184015
18490,7681.6485455336415
18491,5720.372118478754
18492,7307.084721842944
18493,6770.511169780048
18494,5792.850206481277
18495,5887.828870917984
18496,7309.462799608256
18497,6654.888138062391
18498,3763.054184719981
18499,4410.204420716335
18500,7230.83595435816
18501,6887.0152217745635
18502,5818.567230785414
18503,3776.2822459780077
18504,5747.126978784576
18505,5945.1336092282545
18506,5352.057148694581
18507,6122.28449497964
18508,5564.57035820851
18509,5113.008487780882
18510,5245.727523802325
18511,4912.911712174118
18512,7502.392548909109
18513,7801.924262110833
18514,5235.33561992611
18515,6425.500060116476
18516,3671.8293838557943
18517,7163.697130369106
18518,7008.180473012748
18519,6390.861485012634
18520,4917.957601652862
18521,8304.155701934385
18522,6639.664172510241
18523,6663.052170090892
18524,6971.013130685419
18525,5684.632262749407
18526,5670.979975980526
18527,4337.9428014515715
18528,4400.979080424206
18529,4264.761361855036
18530,4473.292164891077
18531,5790.926790289052
18532,7152.843336257057
18533,6888.246819599803
18534,6437.935101352638
18535,6400.848890568875
18536,3369.9771392849084
18537,5957.862919907427
18538,7178.71720417091
18539,6017.559061266809
18540,8020.080788895761
18541,4986.1114173055885
18542,6486.518875514986
18543,5707.523281932382
18544,7295.62199003237
18545,5753.902475825294
18546,6353.532487295123
18547,5459.115451341481
18548,6165.811102653772
18549,7920.063027272348
18550,5455.410248885465
18551,4849.8435706456075
18552,6674.191101341022
18553,5693.644668709985
18554,6415.464881548303
18555,8144.925786159979
18556,6038.3855843431775
18557,7558.933389727825
18558,6545.263152871327
18559,6218.710579888989
18560,4065.996605389193
18561,6387.874939490283
18562,6307.8416721800295
18563,5866.170254062924
18564,7521.721723670572
18565,8036.061470134498
18566,6141.756206928578
18567,8001.769347917071
18568,3496.4893790302967
18569,5888.484519683383
18570,5966.5567653602475
18571,6490.35055527915
18572,5729.09224604334
18573,5108.756420808449
18574,7746.58814622305
18575,7334.6729494071515
18576,7320.050443114906
18577,7294.34045856802
18578,6600.077371355357
18579,5139.648068180764
18580,6377.955495618975
18581,6864.670024882149
18582,4828.322904585351
18583,6614.465027097685
18584,5252.564197083224
18585,5617.466672813257
18586,6842.438681626532
18587,5437.115517049549
18588,6212.5435020893065
18589,6106.3919520194995
18590,6501.093651112682
18591,7116.790139088201
18592,6457.865497029426
18593,6594.096677988086
18594,4854.378909990929
18595,7826.699932214167
18596,7665.255245127151
18597,6324.652922416694
18598,7434.025786007793
18599,6644.796492251119
18600,4409.460415680527
18601,6930.464288322822
18602,5441.681057308692
18603,6461.918674779478
18604,5973.926970226932
18605,4435.432735103699
18606,7106.986894689378
18607,7367.723730227368
18608,7188.799472013303
18609,8116.011027694539
18610,5496.278681398557
18611,4527.903029660183
18612,5307.770581425796
18613,4434.8721221113265
18614,6966.806051230069
18615,5136.74855223324
18616,4540.386217614486
18617,5791.614823358286
18618,6295.778054330194
18619,5429.041058020337
18620,6358.830472097521
18621,3942.131759677909
18622,3502.5753136065146
18623,6195.458145875166
18624,5977.93863963684
18625,4337.903059211899
18626,7440.763562870725
18627,7644.4178415659135
18628,6032.772746789391
18629,7407.822847363487
18630,6915.27069281213
18631,5383.71946411697
18632,6801.09972211367
18633,6431.780309478699
18634,5755.682135257858
18635,5757.238802016671
18636,5994.3757633564055
18637,5741.5359001496845
18638,4338.211400455693
18639,5928.263447466646
18640,5851.912388873214
18641,6055.063419978121
18642,4350.76252000007
18643,3718.1339769506885
18644,6295.565895621259
18645,5919.503091664527
18646,5848.181658641757
18647,6936.137920060906
18648,6730.9433087079615
18649,9009.84765572396
18650,4405.2235081716135
18651,6064.191716550602
18652,5414.399785570802
18653,5481.779615679031
18654,7190.056897993142
18655,4354.834910900124
18656,6341.544312178953
18657,5168.836368753067
18658,7374.881067542086
18659,7755.394662626033
18660,5783.28548537391
18661,6167.970531884648
18662,3209.61652878613
18663,4708.5718736554945
18664,5978.670831172757
18665,7555.581524530547
18666,7339.13809396397
18667,2530.5801508831146
18668,6861.7060982588755
18669,6589.094571167782
18670,6368.003313619689
18671,6187.641973007692
18672,5362.685466537991
18673,6019.349896440593
18674,5842.292438047321
18675,6683.159261468426
18676,7440.120978963359
18677,6908.126968972642
18678,7438.647719472089
18679,6533.033856533615
18680,3990.1572374911566
18681,5875.1813221350985
18682,5763.9888569435825
18683,6448.648438495096
18684,5903.198228087473
18685,5718.662948882444
18686,6056.909708360777
18687,4301.8285834203925
18688,5630.657004844404
18689,8010.5146352336915
18690,7454.197379221152
18691,7099.668617394266
18692,6907.97926669317
18693,4876.6695754555685
18694,4293.20384091992
18695,6577.608057040398
18696,7370.650354111618
18697,4901.690396382184
18698,7701.161186599737
18699,5137.856516152567
18700,6465.61796095008
18701,8170.354799550715
18702,5547.594523907727
18703,4129.382793032593
18704,6904.962484324856
18705,7944.4750405959285
18706,6088.054883886434
18707,3387.412277621284
18708,6767.574561241841
18709,7138.333623909492
18710,4123.806368229138
18711,6129.212189472388
18712,5254.697705884047
18713,6192.626376671874
18714,4982.132599887489
18715,3876.059967820053
18716,6271.575034179814
18717,4759.894344348181
18718,6532.6277450766265
18719,5675.642957965466
18720,5936.409748883917
18721,4904.91357974687
18722,6744.335212664384
18723,7419.014532714804
18724,3404.4100671051656
18725,8112.980496102064
18726,7641.44926228609
18727,2084.71754604699
18728,5739.350187055146
18729,6633.52170386035
18730,3801.227070157915
18731,6171.941450035102
18732,6904.600651808356
18733,8329.532527899159
18734,5909.281522228604
18735,5913.564727466539
18736,5503.426073827905
18737,7161.491666711005
18738,6038.776713474419
18739,5465.17176163906
18740,6044.103282667069
18741,6142.912950373748
18742,7345.796762882472
18743,7618.604805717602
18744,5615.910758803715
18745,3699.2205002213773
18746,5933.231777147773
18747,6665.235696395794
18748,7725.769201096045
18749,6361.2207348523525
18750,6742.11175623668
18751,4695.220838628725
18752,8612.11709579772
18753,6907.302109665126
18754,6316.35440470008
18755,5228.81214871072
18756,7930.624905790784
18757,4128.873224146306
18758,5902.7573406651345
18759,5603.605362790576
18760,4966.496663971392
18761,5534.232400805322
18762,6525.202320407987
18763,7643.799392360207
18764,6775.014540669063
18765,4101.487836880207
18766,7269.414354480864
18767,6890.7633411316965
18768,7967.294170309024
18769,5742.116533690938
18770,6565.294354051165
18771,5791.528750972514
18772,5443.2601190969835
18773,7279.599610203155
18774,4841.789115346661
18775,4394.401485994707
18776,4363.153882711245
18777,7203.10875872607
18778,6009.4869857055555
18779,7069.948473385712
18780,5705.682962987955
18781,7791.266069887684
18782,6252.017772864425
18783,5418.82839862226
18784,7917.200506688712
18785,6846.563697354107
18786,6717.950146883793
18787,5628.4460203233675
18788,6349.997784001393
18789,6060.270966845672
18790,6561.843318936796
18791,6776.571279132061
18792,4090.4001174674213
18793,5347.086097466655
18794,6458.029047886893
18795,5676.603213494059
18796,4303.455322863218
18797,3976.819990919069
18798,5699.61174459179
18799,5609.780340986737
18800,4514.772893917617
18801,6207.636373616528
18802,7514.0656933940045
18803,6315.840758529969
18804,5870.9229761554325
18805,7453.2215384315305
18806,6831.270189624129
18807,3475.223010041579
18808,4434.2390380801635
18809,6122.854099210035
18810,6200.836879684344
18811,8267.703582580458
18812,3744.7769902590276
18813,5474.654027847528
18814,4927.19188104561
18815,4433.245813218439
18816,3708.7438860846178
18817,6698.666865410096
18818,5789.966501840845
18819,6601.922487384142
18820,6121.69182888713
18821,6403.849447360802
18822,3306.1757430269645
18823,5098.333152646003
18824,6902.788255641906
18825,5955.112840079632
18826,5353.8740413312535
18827,7817.548988033788
18828,6910.1339648086605
18829,6053.101915022604
18830,6290.229192669399
18831,7028.878734002133
18832,5650.540667360547
18833,4937.877669902729
18834,6296.276235372648
18835,8442.424381092816
18836,4445.487821077483
18837,6041.561881820893
18838,6634.379630102084
18839,4452.64291206407
18840,3369.0061322037095
18841,7385.4483322388405
18842,7148.210331027344
18843,5767.213647745009
18844,6956.0222430062095
18845,5247.665067323546
18846,4396.625395870211
18847,5626.0384894128465
18848,7609.088824119819
18849,5996.793091936842
18850,5844.080435212522
18851,7883.784389703573
18852,3419.0247602074446
18853,5742.896317249899
18854,7811.496414315262
18855,6596.382303502537
18856,2516.651335163306
18857,4196.6526131734245
18858,6528.984254982488
18859,4853.299641073251
18860,6715.007587839806
18861,4552.99975711828
18862,5964.080424568294
18863,5259.883797898673
18864,5768.913088442526
18865,7462.974545426163
18866,8341.674635328001
18867,6114.076493686949
18868,6929.095747900419
18869,5542.204021116033
18870,6398.976843222012
18871,6319.494358503445
18872,6297.006218081167
18873,5688.806159009897
18874,7363.596900929764
18875,4650.420662601704
18876,6725.72616858829
18877,6394.82861344575
18878,5041.787783177053
18879,3345.1767693479164
18880,5669.371805783886
18881,6960.43277526627
18882,6780.777345325205
18883,5711.964611598614
18884,6745.866524178954
18885,5398.851475783535
18886,6531.643111445697
18887,8544.363907017356
18888,6491.865962159146
18889,5279.553725528343
18890,5486.114727812128
18891,5441.145828498205
18892,5711.931732365024
18893,6900.380373452276
18894,7301.057949531601
18895,7852.40557418308
18896,7868.900790420097
18897,7982.557410092679
18898,4039.89308038526
18899,6269.162961472337
18900,6511.789826463525
18901,5891.505892608583
18902,8179.959260265026
18903,3904.1366309494447
18904,4308.969554877974
18905,7320.702293694478
18906,6778.311725612632
18907,5622.922443720428
18908,5739.85173662638
18909,7602.929185232095
18910,6445.236660418351
18911,4204.698274861101
18912,5885.6515589114115
18913,6005.249656139354
18914,7593.763524586146
18915,5649.520974555959
18916,5012.01715109603
18917,4997.499021380401
18918,7279.482128367397
18919,3197.9414696388594
18920,5103.855669160605
18921,6427.606838733652
18922,6854.7632409389935
18923,6385.792670682227
18924,6663.430609429836
18925,7336.4088097111535
18926,5900.752569984964
18927,7561.369328291429
18928,7066.184044171454
18929,5824.097228690048
18930,6620.999877768914
18931,6519.331250034053
18932,4167.627278849428
18933,5585.3645132011
18934,6868.519318230345
18935,6815.433603179186
18936,4997.813997074139
18937,6646.176635500694
18938,6241.3112956885225
18939,7286.02829014127
18940,5602.276024992671
18941,6029.576930305514
18942,4155.958071284205
18943,7276.611569515971
18944,5144.260826673045
18945,5385.421657385855
18946,6816.439881820825
18947,2725.0916700447374
18948,6426.171647853928
18949,7242.344697540536
18950,3640.7950208213533
18951,4155.161628444267
18952,8212.504257022803
18953,6237.91507306973
18954,3262.5495765918167
18955,3362.068608128042
18956,6007.41844437848
18957,7118.241739461519
18958,5599.470208490115
18959,6342.489156693895
18960,4851.007977002557
18961,5321.951934502955
18962,5232.921498737865
18963,5412.409212385947
18964,6668.862217532175
18965,8361.353240000273
18966,4796.19273788799
18967,7825.568838900332
18968,5974.850913995019
18969,5260.644420999198
18970,4975.75074404126
18971,5539.605911902556
18972,7379.8372337865385
18973,5075.747281241549
18974,3987.6071877317245
18975,6651.36345498403
18976,5706.33002893741
18977,5856.7114702929775
18978,5631.519465320571
18979,4792.385746924563
18980,6287.532373773993
18981,7463.207823785335
18982,6854.3418818116015
18983,5391.436818567922
18984,6654.962789716471
18985,5725.806507860883
18986,4542.1496769952655
18987,4314.303830266172
18988,6810.0618546657115
18989,5788.949303540444
18990,7314.401382067608
18991,5008.7997922069035
18992,6366.031182983545
18993,7042.180086042774
18994,5596.321353388519
18995,5776.018605941099
18996,7014.558281742853
18997,5599.242018222672
18998,6413.526834996321
18999,6482.485200325337
19000,6212.736497560016
19001,5851.760655518862
19002,4843.0705378738985
19003,6732.968824529755
19004,6676.694661759212
19005,7845.595924799001
19006,7953.484939498611
19007,7201.701083999906
19008,5522.511619104566
19009,4862.129786826617
19010,6652.679475568813
19011,4746.517465879218
19012,5290.130070993351
19013,6280.623244205396
19014,6899.737970414317
19015,4975.242240023659
19016,6635.834912336533
19017,6809.880330245676
19018,5930.5548799398475
19019,5841.509876033717
19020,6694.155267176455
19021,4798.7929115213865
19022,7187.236111833474
19023,7555.977334810965
19024,6140.088409797079
19025,7458.597033992998
19026,6513.80847183747
19027,6246.668976143055
19028,6102.037007960008
19029,6819.604985998134
19030,7246.776112467927
19031,5290.904699474055
19032,6972.782026627918
19033,6635.063483500403
19034,8213.873126329838
19035,7206.880419191699
19036,6744.634939715792
19037,7854.70504727487
19038,4343.9347328739605
19039,7191.518000928425
19040,7277.03367110243
19041,6661.855437770719
19042,4300.417014302664
19043,5686.62697376002
19044,5934.135262267869
19045,6585.347469061901
19046,7663.645581371252
19047,7129.882778808662
19048,4285.046494791231
19049,5927.288935588551
19050,5745.653700470484
19051,6753.592525458906
19052,5426.072569057442
19053,4214.836091982575
19054,7019.377407097609
19055,6016.5318707701035
19056,5777.908982296627
19057,6142.953143547199
19058,5221.598364126863
19059,4033.253780600695
19060,4429.716942740533
19061,5849.211125723274
19062,4997.213369321578
19063,5379.361198002006
19064,5332.156780878425
19065,5338.080426870044
19066,6618.101081198586
19067,6118.958119959246
19068,4782.547939929549
19069,3989.2943530513753
19070,5852.8113080771855
19071,5659.62065421547
19072,5694.016695454848
19073,6810.5401873085775
19074,5352.704156752515
19075,7173.9104278910745
19076,5770.99277243913
19077,7508.806093910462
19078,5343.51710697286
19079,4209.0078708646
19080,6709.557716050036
19081,7902.219961044108
19082,6710.727851136365
19083,4879.633267552524
19084,7336.292235512215
19085,2284.1771085081073
19086,6543.9708041877975
19087,4012.6917799806715
19088,5578.8963926761335
19089,7312.231284446192
19090,5702.406591906066
19091,5470.941683556521
19092,5670.246575480103
19093,7084.447965256087
19094,6580.887192784293
19095,7246.925176872551
19096,5935.1072673050385
19097,3945.537615396064
19098,5425.487663513972
19099,7094.4854021849
19100,6963.945970340782
19101,6009.302476222909
19102,4047.378607631641
19103,4108.812586866177
19104,7254.57500587972
19105,6103.2962110091385
19106,4476.271214274774
19107,4873.507422700016
19108,7441.028650958579
19109,3793.679926419689
19110,6451.526217052472
19111,8182.280282571941
19112,5081.308525665216
19113,4864.942961365856
19114,6341.462990033495
19115,7915.149936145607
19116,7300.725046324125
19117,6491.198472501212
19118,5519.786166104306
19119,6800.117488591791
19120,4786.922303226192
19121,6294.901623556414
19122,8017.679489701426
19123,5442.483217932105
19124,4944.302273810092
19125,7223.851896253168
19126,3681.446287779356
19127,4383.933244605025
19128,4154.318767104342
19129,8258.966216424926
19130,5111.726731852906
19131,6521.346079378276
19132,4853.000533582533
19133,6167.251241428886
19134,5327.04305883595
19135,5040.539562242026
19136,6620.846312732991
19137,5149.092186937993
19138,4101.969210934937
19139,5438.768228286629
19140,6249.521302704138
19141,6225.532848606778
19142,7892.166380535182
19143,6358.169079387751
19144,6132.7719255456
19145,6280.804315787867
19146,7734.04980727747
19147,7774.915253533418
19148,4073.061539217692
19149,5335.265914513617
19150,6885.157748711611
19151,4318.7356434348885
19152,5418.019558830199
19153,3955.235825452755
19154,3851.5738802241144
19155,7329.165136412241
19156,7285.243920625762
19157,8136.205108588566
19158,6143.972842944796
19159,6201.102333232952
19160,3770.396362904499
19161,4189.5988763417445
19162,5405.858147907649
19163,5734.613676527249
19164,6983.823753937686
19165,7779.43726905818
19166,6852.941063286447
19167,4819.032572003182
19168,7104.820067873294
19169,6034.31625202124
19170,5761.362997280655
19171,5724.897604080243
19172,5679.9442052972945
19173,7434.106052579244
19174,5564.280865037567
19175,6424.503908721096
19176,6033.328902625211
19177,5881.335397743049
19178,4071.535659640239
19179,4555.9041658743445
19180,5353.403372436494
19181,6722.277973924419
19182,6650.435289232617
19183,5311.481379445788
19184,5468.204171247657
19185,6905.20535911352
19186,4138.4185728755
19187,6262.2786575795435
19188,6151.647792557292
19189,5095.964029118693
19190,5183.794483303839
19191,4091.488609832569
19192,6939.333625946474
19193,6213.177638823088
19194,6564.483410850759
19195,4440.90113394773
19196,5804.877018817582
19197,6595.276511153802
19198,7319.173399005844
19199,5658.044534299598
19200,5870.458052517474
19201,6310.370711393137
19202,4698.145362779314
19203,6380.941586981348
19204,7242.4124764151165
19205,5113.0758333546555
19206,2757.003111801891
19207,6295.442504112157
19208,6327.831025501561
19209,6551.421245485876
19210,7108.726449127896
19211,6308.123167369132
19212,3742.708970304687
19213,5613.827757800932
19214,6524.468838196553
19215,4390.490246423925
19216,6150.857985610353
19217,5421.651514873064
19218,4433.042950992121
19219,5716.150434745076
19220,5322.1730575805395
19221,7312.33522558302
19222,5158.079587199124
19223,7811.925129375468
19224,6770.41702038597
19225,7080.764726293969
19226,6417.564544844329
19227,6841.065496363882
19228,4932.19802994191
19229,6511.712765391849
19230,6683.831668277813
19231,3625.600666185485
19232,5418.031479076721
19233,7801.811160308315
19234,3752.9970896661735
19235,8301.474976802298
19236,3929.4010344991398
19237,4875.580970563253
19238,7954.572699135606
19239,7293.763686500946
19240,7134.732540844692
19241,6563.524823868911
19242,6597.5804987228685
19243,6219.395833891951
19244,1852.356354546906
19245,5848.836446339221
19246,6104.385671396358
19247,4494.294968271906
19248,4509.404124296848
19249,5783.189990297714
19250,5973.060443748485
19251,5974.953318739385
19252,6633.23244042035
19253,5729.018440977478
19254,7488.410364020847
19255,6032.659045938414
19256,6330.320932535446
19257,6200.1258394548095
19258,7489.461462281071
19259,5081.328383024291
19260,5547.422185068262
19261,6330.910851317182
19262,4692.298197555248
19263,7535.613803390464
19264,5771.583463669074
19265,4075.1097679677405
19266,7251.943401969045
19267,5095.1026867360115
19268,5684.708077099527
19269,5225.743722863592
19270,4167.30689301868
19271,5263.206369425488
19272,5960.243187958631
19273,6484.658291567776
19274,4997.567688700481
19275,6769.491620154042
19276,3560.317009390647
19277,6216.60637419767
19278,6587.556642352993
19279,6836.959678305941
19280,4012.2583102981134
19281,6218.911420880886
19282,7932.348400100186
19283,6711.898925796899
19284,3728.578620697281
19285,6433.087844391569
19286,6668.637535577525
19287,7354.767880035502
19288,7646.799525269824
19289,5465.077971235325
19290,5973.982730685298
19291,7492.618640895982
19292,6018.282703498245
19293,4605.750180443128
19294,6646.4920945541135
19295,6286.395615663701
19296,5540.936082714665
19297,7812.866059058332
19298,6781.656192963775
19299,5369.373614449949
19300,2850.4756884679396
19301,6158.349183790724
19302,4022.4448795232547
19303,6381.576198621408
19304,5770.005030599389
19305,6164.155544576151
19306,7819.325932086164
19307,4131.576287825964
19308,7912.583097150028
19309,7990.942410270748
19310,4270.714138924594
19311,6458.85178067208
19312,5375.586404477304
19313,6979.061314509456
19314,5805.144894765548
19315,6855.660521027294
19316,6514.009944087962
19317,5863.465814520096
19318,5560.822117878037
19319,6274.08006251317
19320,3781.878692817896
19321,5820.351260912149
19322,6180.446408215567
19323,4430.302837826161
19324,5558.766541402192
19325,5945.921711346245
19326,5539.444351320809
19327,6091.261704031378
19328,8494.118524465453
19329,6224.918936530847
19330,5436.633412851292
19331,6107.387839299154
19332,5107.3906174622325
19333,6203.625805984786
19334,5591.570834778493
19335,8210.198558070957
19336,5669.218989626964
19337,3681.9535008528987
19338,7537.201251568679
19339,7920.58071871623
19340,5994.149653676389
19341,6518.92412450259
19342,6568.057262132023
19343,7230.0471308075485
19344,8273.740481667428
19345,6475.4175848207
19346,7499.473426788915
19347,6280.723611560604
19348,4947.096767622012
19349,5998.868890665785
19350,5913.99697104244
19351,6900.788193978031
19352,6796.671762925212
19353,7269.280014469938
19354,5422.645667699213
19355,6166.030829135638
19356,5731.530023916513
19357,8098.3717404671
19358,5237.404225701153
19359,6680.0488784069485
19360,6099.330667518848
19361,5678.27155434465
19362,7346.839026897267
19363,6392.007188175821
19364,5986.397766646517
19365,6673.7517876295005
19366,5009.997721216809
19367,4131.257011386262
19368,4801.220564473469
19369,4951.061775320397
19370,6813.29980054909
19371,7129.449333271534
19372,4081.7204284318827
19373,7859.378140289584
19374,6507.350425394263
19375,4981.016970247114
19376,4739.536507514502
19377,5969.670068024472
19378,5650.229375172204
19379,7219.7490184010585
19380,4705.047381099072
19381,4989.279216657569
19382,6769.413899143435
19383,5713.956846579403
19384,4433.738419198958
19385,7240.0605925530635
19386,6513.4973710629065
19387,5856.734525665796
19388,6785.92134191118
19389,6866.362261591513
19390,7932.197917135619
19391,6608.081492693343
19392,6331.078789765864
19393,5296.0306031597165
19394,4665.331823565045
19395,5423.616777029048
19396,5947.730509618679
19397,4402.442341293197
19398,6014.777314635172
19399,7315.72622093113
19400,5070.641177523149
19401,7751.019920822578
19402,7373.581477820837
19403,5540.685448516702
19404,7336.999610005589
19405,6489.51454872954
19406,3320.464428030141
19407,6070.340107692755
19408,5210.514849701404
19409,6248.931406256089
19410,3931.7656893497174
19411,7094.20920238726
19412,5238.891815928906
19413,7639.462374695484
19414,4564.065955888952
19415,3409.57439162176
19416,6296.411195023304
19417,5733.176601525265
19418,6147.0291125769445
19419,6252.571562229197
19420,5866.442655475777
19421,7183.42119697218
19422,5395.217359369597
19423,8117.003665584381
19424,6471.033469682463
19425,4975.748229140493
19426,6258.507418706289
19427,4382.161970318648
19428,5257.121912553562
19429,5439.4327684985
19430,4112.612570419124
19431,6796.7570183071475
19432,5472.2688174493505
19433,7131.4703288512665
19434,7318.319009885482
19435,6321.00466623106
19436,6507.869282525439
19437,5682.679906033227
19438,7916.9812494697035
19439,6642.859718292058
19440,5935.365153245457
19441,6123.625606381176
19442,6705.213270548075
19443,6605.601265529549
19444,5293.54409450779
19445,5945.9853712531985
19446,3469.534222247707
19447,7638.50677547723
19448,5510.309671155463
19449,6690.626505975612
19450,7329.692466346773
19451,6712.223739528901
19452,5830.259323283605
19453,8093.398559790385
19454,8351.150168398057
19455,4802.700008223518
19456,6010.204336108733
19457,5964.748450599643
19458,4582.333341844354
19459,5968.154137641094
19460,5597.678675156429
19461,5228.453437989938
19462,6852.238830712465
19463,6533.861346553349
19464,4310.186154098612
19465,6929.698527333973
19466,4364.813380828725
19467,6281.004903636134
19468,6567.278641457373
19469,4564.136461321566
19470,7198.209460790918
19471,7141.01988211863
19472,6507.300978061713
19473,7021.291350483883
19474,5345.959815927412
19475,6103.768057859755
19476,7566.01774240134
19477,7037.594127135159
19478,6933.3600258465485
19479,5435.568993224335
19480,3882.058556987979
19481,7009.725113093639
19482,5848.309014079699
19483,5431.105144189887
19484,4543.338856723977
19485,6898.684734728181
19486,5577.48910214882
19487,5827.957080573387
19488,5954.150829445745
19489,6338.974370140576
19490,4972.8108749881
19491,5713.1326739311735
19492,6071.79377314195
19493,6571.337973253252
19494,7224.552519043443
19495,4794.49509973965
19496,5202.219701402052
19497,3428.5920999486734
19498,7710.157184692167
19499,5997.5405078902495
19500,6041.108217749202
19501,3960.0311634250506
19502,6578.177526688067
19503,6679.9327062280045
19504,6173.813645645923
19505,6845.267872646587
19506,4868.843348076738
19507,6466.038086322957
19508,7840.571019712854
19509,7056.672797162677
19510,8131.551658292379
19511,7093.395979163832
19512,7236.819366784076
19513,7770.365581444195
19514,7042.427342735521
19515,7299.149914711149
19516,7231.454906290859
19517,6395.905432114096
19518,5702.842052562708
19519,2576.8896228124004
19520,4313.0066839308165
19521,5782.080211332623
19522,7276.118368854923
19523,4030.5134575946704
19524,5113.103435806769
19525,6724.333002012769
19526,4267.696097194623
19527,7257.240321841149
19528,6219.12046791441
19529,7103.881265929891
19530,5709.565396827065
19531,4226.030517431278
19532,7341.575106496903
19533,5524.427539724837
19534,7443.257803733704
19535,6233.218771907154
19536,6764.207708692822
19537,4428.6053756011115
19538,4492.244576170904
19539,6393.179430574364
19540,3658.360368216408
19541,4464.772521164359
19542,3768.8975458646146
19543,6150.9386898646935
19544,5612.941191651463
19545,4056.936708822652
19546,6033.837268111976
19547,3969.396944717802
19548,4478.078717368972
19549,3472.0962653685997
19550,5933.93749002516
19551,4526.407731553307
19552,7787.627304417014
19553,6375.3561900039795
19554,4527.890601670313
19555,4359.4608992504145
19556,5704.348568060669
19557,5313.642595792682
19558,6926.983738700186
19559,6483.601393013116
19560,6428.959328421292
19561,7141.587778840754
19562,8137.867111928967
19563,4789.446488609944
19564,6264.907509212052
19565,5843.934424351859
19566,4072.3190811701675
19567,3970.203923021876
19568,5974.195858242554
19569,5916.158698816589
19570,6198.614844824794
19571,7516.064939035755
19572,6454.397537932226
19573,5545.473655218816
19574,3309.2740877522992
19575,6938.326293083615
19576,5195.50692830331
19577,4682.286497240107
19578,7192.000161464592
19579,7975.30905968538
19580,4828.8234092179955
19581,4324.410578543713
19582,8086.022473242352
19583,7027.556932846082
19584,5345.32295045116
19585,5329.7577785664735
19586,5584.143396989353
19587,4183.3222558310745
19588,6071.298289897167
19589,6722.769869257709
19590,7492.236348191297
19591,7244.277792292851
19592,4284.374145675778
19593,5914.984014238311
19594,5349.286669764433
19595,5801.617827135321
19596,5965.387566742328
19597,7583.414866315077
19598,5377.822934331893
19599,6679.884913248529
19600,5870.616606286145
19601,7902.930134627777
19602,7351.988006976742
19603,6651.674553394107
19604,8458.274379241246
19605,7151.73747297498
19606,7622.017535589307
19607,6335.836904396469
19608,5967.531464893009
19609,7458.149148088429
19610,6402.7871333558105
19611,5761.415896559597
19612,5289.386780052484
19613,6361.1633854203
19614,5847.3490866708225
19615,5054.239331099141
19616,6266.32269798583
19617,5620.175193816052
19618,7072.9129108651005
19619,7400.351191301389
19620,7737.734578315333
19621,6162.349826727067
19622,6987.374543056887
19623,6263.969016392654
19624,4800.433462762546
19625,5613.33774000231
19626,7708.369690089488
19627,6953.06030881029
19628,6290.560936760072
19629,6682.687911993482
19630,5817.88223373661
19631,8464.561220586078
19632,5751.928532280214
19633,6231.269967089427
19634,6206.978933966838
19635,6934.727118668958
19636,6816.260766408592
19637,4608.092034825376
19638,4862.751833555027
19639,3841.440935336003
19640,6622.8735404071795
19641,6244.244508669791
19642,5653.299451734524
19643,6536.473507082491
19644,3817.2679634126903
19645,6029.551687299247
19646,5893.925144260753
19647,5284.870880526027
19648,7201.810286543778
19649,7481.4730145445865
19650,6432.456135723325
19651,6245.624319784621
19652,3965.287331978502
19653,6782.606185611169
19654,5847.800673470453
19655,8306.63414136613
19656,7308.538811077831
19657,4638.493555092856
19658,3498.597295947441
19659,6940.050722512403
19660,7895.569389448037
19661,5827.02559211385
19662,4056.773780754217
19663,7691.636344351617
19664,3349.121583635129
19665,3757.2013408245703
19666,6092.51014710603
19667,7779.4698240127545
19668,6084.953181388856
19669,7043.620029347842
19670,6557.810755177896
19671,7060.524107247397
19672,6544.7037304120295
19673,7297.951516624177
19674,7546.2764165314975
19675,6012.8544016758415
19676,8043.131939269984
19677,7284.433893269308
19678,4606.9765231652145
19679,4285.203140943184
19680,6530.66529769741
19681,6250.613909817175
19682,4607.84893068283
19683,4476.3574235267
19684,6979.645810181206
19685,5805.386257503145
19686,5524.211296392957
19687,4384.163134415221
19688,4466.514673088786
19689,6570.168616652652
19690,5194.748988243284
19691,3940.318022813265
19692,3276.098040146745
19693,5405.56879858102
19694,6733.132761209444
19695,4706.803855493987
19696,6161.405648383111
19697,4106.895937283402
19698,6101.581654696867
19699,6422.801503872021
19700,7123.321994705698
19701,6669.957316557305
19702,6376.67548232115
19703,5049.590295237062
19704,5218.99230086606
19705,7422.219714023731
19706,4971.432180398975
19707,6205.195744601026
19708,6172.130227617902
19709,5610.010733685823
19710,4330.6327750302025
19711,4733.236847783289
19712,7973.185333173494
19713,6283.1256741884745
19714,5595.38851517937
19715,6961.064644718379
19716,6590.43960118625
19717,5734.587306944333
19718,7761.999218387868
19719,6297.481213067726
19720,4866.407624616095
19721,6939.243847389711
19722,5694.485690910086
19723,5901.783556641446
19724,3523.4796618497503
19725,5609.629456631991
19726,6839.955037280593
19727,5266.556068483859
19728,6049.027307162203
19729,7579.662741409919
19730,7560.792103333586
19731,6954.80224721089
19732,4055.3039145935063
19733,5333.253367698668
19734,7573.490035576075
19735,5549.207379041474
19736,5685.803857084844
19737,5737.838624917877
19738,7046.891146849983
19739,7903.539796807847
19740,4224.336470007278
19741,7799.534592787777
19742,6399.023496511639
19743,3904.47010125562
19744,6535.757230669011
19745,6422.704642718421
19746,7574.855297809209
19747,4502.145412048774
19748,7266.014454780369
19749,4896.0545425484925
19750,5811.543207104053
19751,5668.267305576608
19752,7404.58623494435
19753,6283.440616014817
19754,8395.038185449126
19755,6913.29026105551
19756,4432.7172555968245
19757,6390.350455022642
19758,6255.456803212003
19759,3566.388500842604
19760,5654.923572801335
19761,4330.2041249704835
19762,7810.659935701421
19763,7974.6628124131885
19764,5951.489616132501
19765,7716.087245588161
19766,5363.964372094744
19767,8006.711514112247
19768,5991.9448491256235
19769,6396.3947361275
19770,5306.254733696443
19771,7201.506954617953
19772,6606.590198263146
19773,4639.338694391224
19774,5862.695163812936
19775,7883.417711264332
19776,6538.748461690862
19777,4400.489935933501
19778,6349.946640469769
19779,5011.984563103527
19780,6248.54753190343
19781,5487.674198182929
19782,7309.231594349292
19783,5497.874476699263
19784,3183.4598043920764
19785,5707.6328301442745
19786,7249.553018518785
19787,7442.704373395965
19788,6798.560661436797
19789,6667.619058853448
19790,5868.649528423286
19791,5616.492731746975
19792,6005.093128695889
19793,4863.560521672998
19794,6248.813964027815
19795,5512.76449738455
19796,6271.567432798751
19797,4092.429785463284
19798,7192.7795161575405
19799,7129.4349661281185
19800,5239.0656187151235
19801,3977.7125562920446
19802,5551.224248812466
19803,7140.779058513594
19804,6652.414984559615
19805,6206.204793579957
19806,7296.724639914948
19807,7660.842456974084
19808,7224.724513044316
19809,6121.297581492365
19810,8234.155603846755
19811,7310.801961183266
19812,5281.187434878182
19813,4894.289265474001
19814,4475.302055577381
19815,6235.2811080046695
19816,6062.853187962673
19817,5347.36580207284
19818,6640.772697735939
19819,3323.6739952511025
19820,5863.9351127844975
19821,4891.451437799929
19822,8165.591471167667
19823,6743.046842374718
19824,7486.966279332949
19825,5489.685876208227
19826,4670.138170983842
19827,5316.307609844562
19828,7505.612985784417
19829,5406.702896826483
19830,4364.975673307399
19831,4250.295514015662
19832,6444.432631811317
19833,6568.659578199603
19834,5612.351032015791
19835,6096.138624092277
19836,5695.040854785734
19837,4619.923574319977
19838,5491.184115604793
19839,6410.658027817429
19840,7047.1076177428
19841,8099.796648698932
19842,6667.819126926556
19843,6620.205796597726
19844,5248.942461867843
19845,5559.103997439611
19846,4124.032578406037
19847,5563.4961349889
19848,4557.041782724191
19849,3907.5145518191785
19850,7331.408747272558
19851,6868.935852674009
19852,4242.3052932333285
19853,7278.557234523221
19854,6896.25577867068
19855,4209.476824493679
19856,5743.295779956963
19857,7257.96331218991
19858,4324.054708385469
19859,4010.7862101654127
19860,7338.303552970136
19861,6956.558575036117
19862,7790.85186468047
19863,6206.741664658267
19864,6282.270700052975
19865,5409.707747333578
19866,5798.604802960322
19867,7014.524387347486
19868,7717.903781722983
19869,6825.925800026952
19870,6284.639283254638
19871,5527.153133952354
19872,7167.115237771389
19873,8163.681722304105
19874,5557.58437366935
19875,6028.384193745365
19876,6545.881175609804
19877,4178.524668576067
19878,6198.311014419319
19879,7665.1071976778185
19880,5561.007346725814
19881,5402.558400316427
19882,6066.418885210052
19883,5305.3850377176195
19884,5264.576969286871
19885,5532.895570703992
19886,7148.540457967848
19887,6388.798717892514
19888,6189.657464005554
19889,5251.216830891324
19890,3960.273370170519
19891,7355.756640723405
19892,6987.716365907925
19893,8187.186593614816
19894,7433.693407591323
19895,6224.0622912161625
19896,5850.194273632652
19897,4234.977625688205
19898,5812.739639536271
19899,7829.0799953357955
19900,7061.1681851419125
19901,5534.656037577174
19902,3677.48312174926
19903,7432.357346797
19904,6992.247134629995
19905,5669.271209647665
19906,7473.9730545873945
19907,6008.100358971391
19908,5719.783819558779
19909,4377.1293096375075
19910,6877.160665232652
19911,4065.820817315817
19912,7970.63748961927
19913,5536.309074553936
19914,6890.497468347532
19915,6946.412636279501
19916,7119.078394346291
19917,6887.508101443404
19918,7937.973686987594
19919,7273.314748430528
19920,6006.496608225767
19921,5989.541296141162
19922,4681.247983670506
19923,5539.11207852864
19924,6370.308382066564
19925,6532.355766101191
19926,5593.588727043525
19927,5547.982336998749
19928,5566.7932810239545
19929,6669.461518490607
19930,5306.687589910002
19931,6439.059883722515
19932,5830.608152841216
19933,6598.330482508016
19934,6740.076806984614
19935,5466.619374633923
19936,6596.719909554463
19937,6268.571497305538
19938,7771.00939102719
19939,7627.829981110394
19940,8024.294591002526
19941,6156.439584529859
19942,6145.1358224411515
19943,5163.215815492025
19944,4920.269934983864
19945,7655.743816319748
19946,3479.331539979034
19947,4335.417455066189
19948,6791.504963774812
19949,4668.264061456173
19950,5666.537694758563
19951,7538.397965723163
19952,4944.562804958702
19953,5347.483340963989
19954,7020.289328682632
19955,7265.202650296409
19956,7428.3544314628825
19957,4651.890288564446
19958,7374.129594561833
19959,7492.869432697804
19960,6258.737217950149
19961,6599.868551341822
19962,4032.286082272086
19963,6900.50446479514
19964,2532.033017828267
19965,7577.604774814097
19966,5557.145960456363
19967,5419.319226044769
19968,7851.257811268951
19969,5196.655899489532
19970,6729.961418313967
19971,6008.049592761471
19972,4853.5408264683565
19973,7419.690239308617
19974,6162.48241847658
19975,3439.7363125571865
19976,7661.195400351701
19977,5342.749967853498
19978,5611.113292710606
19979,6029.4450096491
19980,5006.283383717519
19981,6760.238204074711
19982,6320.173583819599
19983,6381.859343844363
19984,3934.1999823525634
19985,5469.21421748738
19986,4144.239973424842
19987,3887.7259964938166
19988,4970.72636513629
19989,6904.948974177108
19990,8138.438717182466
19991,5669.681964887035
19992,6279.08133005066
19993,5796.298703409827
19994,5547.612303595922
19995,6686.130245254889
19996,6157.156344693557
19997,5681.943589508761
19998,6132.734011218469
19999,7778.514056321137
20000,7501.412541855359
20001,4660.680953537373
20002,7504.93306449571
20003,7488.757619425231
20004,5918.2244986039395
20005,5573.590743921617
20006,6375.748658022768
20007,6180.9483938115745
20008,6063.501489274387
20009,6073.733716870886
20010,3574.0109442997546
20011,5992.95057006439
20012,7670.163494177193
20013,7030.346994386481
20014,4291.711794901382
20015,5193.730056254768
20016,6650.8762642805395
20017,5367.381658943998
20018,6671.793988485861
20019,6549.1395102986335
20020,5402.050009065135
20021,7412.058437083959
20022,6398.209991752151
20023,4014.661389923324
20024,7611.390798032657
20025,7317.361944653463
20026,7220.543057879424
20027,4969.881815288427
20028,6113.996177988786
20029,5912.161850215443
20030,4356.0766913050065
20031,7845.217861630554
20032,6460.5698388765295
20033,7071.670843148706
20034,7426.124015807514
20035,5149.08354037779
20036,5874.213933783351
20037,7338.112999453713
20038,4614.489483489033
20039,4516.904424699991
20040,6235.144328051979
20041,6774.970381675764
20042,6987.907766977972
20043,5440.887190913955
20044,6419.085944132501
20045,5288.333258395812
20046,6069.952865818298
20047,7385.340181302416
20048,7741.778895161733
20049,8092.358138845196
20050,6013.096652330141
20051,5762.226337396644
20052,5134.46740391412
20053,5091.913409452375
20054,4633.746916059409
20055,5520.1418927116465
20056,6260.542952261658
20057,5565.189176333029
20058,4826.788747269785
20059,3268.307930837717
20060,5911.567286954606
20061,3307.194663138632
20062,6295.077850172874
20063,7036.417637633565
20064,7526.4989213163935
20065,3333.559628018101
20066,4198.580820468153
20067,4770.096529472384
20068,6207.773506189672
20069,8007.686767868987
20070,5475.83091226627
20071,5164.5928256803
20072,7790.298300547293
20073,5822.914729394921
20074,7803.1213725812795
20075,2257.599184042972
20076,6449.638421486229
20077,5054.523382790674
20078,8398.237257816476
20079,7189.016284599568
20080,6639.262586275575
20081,4461.001918718832
20082,6846.230024099281
20083,4411.779047567419
20084,6497.794006315154
20085,7576.914075968049
20086,5577.255881059409
20087,3244.7902748692577
20088,5757.185127041728
20089,8312.978248552923
20090,5885.1991533143555
20091,6602.587193485415
20092,5043.65691723773
20093,5906.136580750978
20094,7887.7517768025
20095,4563.9548466513625
20096,7076.0328156010855
20097,4630.819243364571
20098,4890.910370030998
20099,4590.187616772568
20100,6027.954271057974
20101,7607.749261350956
20102,5747.112485746649
20103,5446.0173188116205
20104,6984.418105827176
20105,4454.7405197114895
20106,5908.8297092464045
20107,7888.62143698617
20108,5572.305873395872
20109,5224.604092152795
20110,5731.130821596502
20111,6393.799138352352
20112,6291.553075823936
20113,4626.090176463818
20114,7191.262700498185
20115,7567.117415769275
20116,6589.836809882587
20117,2910.443824428159
20118,6197.085070054906
20119,6286.140968410777
20120,5192.605383855671
20121,7683.195170977361
20122,7527.060988875035
20123,6646.364035705247
20124,2929.137692012547
20125,5218.123356109023
20126,6258.489073516195
20127,4229.439812849706
20128,7115.527274957317
20129,5486.574072115357
20130,6143.005031788141
20131,5814.30811147556
20132,6423.909931827126
20133,4886.94139452827
20134,6251.377865108412
20135,3468.7601505528346
20136,6495.3330159746365
20137,8048.666873948792
20138,5907.969635062216
20139,3867.4151034866136
20140,4384.798490743058
20141,4063.2504700133295
20142,7189.724888022589
20143,6083.170453538715
20144,4698.182595754479
20145,5261.71803716786
20146,4393.236332913192
20147,6928.7830157100825
20148,5178.746768093481
20149,6480.0387840423045
20150,5572.791439055185
20151,4936.595935700185
20152,6393.9827160064815
20153,7186.565928779819
20154,5545.463270670308
20155,6348.498974508133
20156,7947.4391962361615
20157,3527.217178075176
20158,5404.875384342312
20159,7588.001197364104
20160,5080.831970370091
20161,6115.9217001226525
20162,6320.609153536253
20163,5594.14010978969
20164,6461.08011223841
20165,5873.753372550878
20166,4273.507648343562
20167,4938.125345521002
20168,6611.57496904069
20169,6181.4242786589175
20170,6553.266740223174
20171,6799.952300542829
20172,4605.935149582097
20173,4150.8299990206215
20174,6232.788575906945
20175,5765.681542281215
20176,6465.09030198001
20177,3746.176049494152
20178,6134.189025880142
20179,5480.630435667256
20180,6477.031696649833
20181,6789.57449099555
20182,6048.123006403027
20183,6201.740325805357
20184,6962.970033800281
20185,6488.732869458442
20186,7285.123574008019
20187,5281.373345183782
20188,1852.356354546906
20189,5576.383643991693
20190,4641.497778564682
20191,4315.834972566033
20192,5569.519298031608
20193,7257.710462858688
20194,6114.844748129197
20195,4864.859836094763
20196,6090.161793655816
20197,5528.442230626007
20198,4281.121105312716
20199,3861.5510791441025
20200,6698.265593282471
20201,7316.977899523445
20202,6266.9458650773595
20203,4286.374324515925
20204,7379.633992820538
20205,5239.76696717233
20206,4586.994816839451
20207,6728.829935183523
20208,4745.539231606155
20209,5959.39254008242
20210,6466.737057460522
20211,6789.170909204983
20212,4847.692389553662
20213,6566.451386381933
20214,6006.002293531218
20215,6708.561854549611
20216,6971.536206767725
20217,7264.1874343635445
20218,4265.346656885328
20219,6155.149485920909
20220,6082.4347901387255
20221,6383.104244655605
20222,6636.43447966132
20223,7810.2716553020055
20224,6385.499440215728
20225,6022.676312808389
20226,6079.881703978729
20227,5969.8284584501025
20228,8176.998120424775
20229,6937.783524031396
20230,6042.177072638474
20231,4604.5811758568125
20232,6314.172620132824
20233,5629.52843896918
20234,4863.211517171585
20235,7290.975982095841
20236,7418.009396705922
20237,4099.28133456346
20238,7924.60900058055
20239,5282.810811312964
20240,6596.81231730791
20241,5655.786852000713
20242,7698.453830279272
20243,3990.6088195596294
20244,5053.949328330402
20245,5634.87574385277
20246,6884.225678130891
20247,7554.605040208181
20248,6547.943658592657
20249,6231.487916456578
20250,5634.299355783918
20251,7806.337006628376
20252,4153.391252864473
20253,3874.645390807081
20254,6897.8850533136665
20255,5556.268358265687
20256,6230.276889855694
20257,5133.114756467432
20258,7221.683475807396
20259,6649.27271892768
20260,7511.6030505484505
20261,7626.365480914899
20262,7599.17500758768
20263,6782.918693798539
20264,7304.814219264497
20265,4374.657889065598
20266,6520.364392897308
20267,6781.29114519765
20268,6250.907246471606
20269,6490.900193470149
20270,4521.485698585906
20271,7501.95275150859
20272,5222.507251162167
20273,6130.693700688599
20274,5801.41153322696
20275,5664.58463627327
20276,5526.489811945492
20277,6722.619206226442
20278,6181.849516423314
20279,6561.467677335307
20280,7839.2828942632395
20281,5709.888202404192
20282,5437.400499178371
20283,6237.881710889849
20284,5097.815303933088
20285,6500.381783707563
20286,5891.167045597509
20287,6845.816541470804
20288,4380.67350515016
20289,4303.671083661565
20290,6605.099562553931
20291,7002.626673337206
20292,4959.631096972406
20293,3759.3179621891195
20294,4722.607496926971
20295,7779.564077350622
20296,4104.558184232755
20297,3848.4414174221715
20298,4051.632261297076
20299,6302.377866896369
20300,7611.4040766376
20301,7369.773213062777
20302,6554.009533956805
20303,5116.566799557236
20304,7324.816547175573
20305,6391.500830281786
20306,6105.604099380203
20307,5521.486852833961
20308,7806.593025877478
20309,5180.024289124308
20310,4559.885915433394
20311,4759.903515350131
20312,4660.5208372704765
20313,6801.209644235297
20314,6730.90524380481
20315,4987.852949341877
20316,8114.788851521059
20317,6265.980040638522
20318,7197.800974392867
20319,6816.579049579008
20320,5607.487599894115
20321,5093.425187083965
20322,7023.315879821095
20323,5411.003871487748
20324,8249.077695368227
20325,7680.647647178614
20326,5825.754949136516
20327,5651.173334719088
20328,7460.672545695843
20329,6119.886102988728
20330,6758.02833316161
20331,4395.975232929356
20332,7241.570743453884
20333,6347.093185995818
20334,4004.1727398491594
20335,5588.459980329482
20336,4129.241271064653
20337,7146.100366655706
20338,3596.4298237678877
20339,5228.427205983963
20340,5687.042087558878
20341,5076.995492707619
20342,7013.440121835466
20343,7872.37103154595
20344,5009.155711424325
20345,5639.581002223787
20346,7448.4370672108
20347,7349.489315542364
20348,7029.983264381832
20349,4608.335846574848
20350,4241.0704017518
20351,4197.730483869985
20352,6468.16278585963
20353,6470.9102489625275
20354,5394.485156853189
20355,3794.579573970926
20356,7131.536703943342
20357,5178.21207356247
20358,7255.069053543095
20359,3368.6937130758256
20360,5270.61411903738
20361,4978.446963924277
20362,4419.747112316019
20363,8150.615702598398
20364,5281.038127310591
20365,4844.069210826615
20366,5918.4371018899865
20367,7141.748912470062
20368,4764.233492693748
20369,6130.2652597156
20370,3991.185613264066
20371,6759.240144096454
20372,6492.932850539744
20373,3530.9265899543166
20374,6780.279275748791
20375,5205.425708418767
20376,6979.359477430827
20377,6280.169476144619
20378,4527.912573725836
20379,7433.7992870446415
20380,7339.91134891346
20381,5334.404783108979
20382,5484.761852502015
20383,5945.647178581749
20384,5665.3912148062045
20385,6324.19234293032
20386,6353.271555225674
20387,7626.792361966472
20388,7324.440218157661
20389,7068.077931550367
20390,7394.167003867724
20391,6153.505068220128
20392,3462.440645544175
20393,7266.220596240228
20394,7461.203690572201
20395,4427.763016001134
20396,8333.768830696587
20397,5592.054477138759
20398,6102.266338382154
20399,7267.643832724734
20400,6712.473446497045
20401,5728.89648033811
20402,7864.658450580717
20403,4578.376859247542
20404,6304.736631046097
20405,6449.029024633303
20406,6463.606168139133
20407,5999.329290608966
20408,6392.325749295628
20409,4466.714973047935
20410,7129.5665223787455
20411,5372.792719915838
20412,6087.820896824194
20413,6216.522626278437
20414,6444.529935152737
20415,7304.307844032126
20416,6957.041140979637
20417,6617.683034566482
20418,6533.90522281349
20419,7794.873158295539
20420,6912.633554038868
20421,5475.1197801097915
20422,7203.1694056627375
20423,4698.170482260659
20424,7178.264625732918
20425,7619.400734602173
20426,5994.547870076173
20427,5439.656167865878
20428,7244.791550247059
20429,7518.9203564910895
20430,6613.232044960475
20431,6844.911450422981
20432,7057.575435547818
20433,4868.763111171792
20434,5268.848957407652
20435,6270.913414959523
20436,7296.598814684945
20437,7391.614351627818
20438,6548.101101262646
20439,5338.962596187809
20440,6595.759264496592
20441,5773.638284394576
20442,7789.498690718317
20443,6167.039681041497
20444,6253.460139439307
20445,5278.672420197429
20446,7457.661113659606
20447,3781.6356982110483
20448,4947.83494979153
20449,6035.831446880549
20450,7572.487497877955
20451,6961.567848200928
20452,7031.160234276186
20453,5016.996169708979
20454,6562.315351941252
20455,6426.153428318302
20456,6823.273446126383
20457,7514.276892074246
20458,7081.209644344333
20459,3195.5660709426606
20460,4702.791784508594
20461,6296.778532468694
20462,5004.028359828973
20463,7947.686535100158
20464,4911.1576080734085
20465,8249.24840190979
20466,5411.785678928802
20467,5582.963387610625
20468,4842.478285225084
20469,4375.899816152902
20470,7964.356804254776
20471,8069.680103220995
20472,6006.395703321097
20473,4578.675887265372
20474,5905.9605660489
20475,7841.707362664212
20476,6450.614192745198
20477,7466.231191992328
20478,5667.7112564719355
20479,4023.0075137940366
20480,7207.089731119791
20481,6294.875740041858
20482,7479.378154774027
20483,7895.364589592498
20484,5638.308044864079
20485,5019.908367554047
20486,5388.387314434831
20487,3985.9468500155626
20488,3441.6456101193385
20489,7679.030402615698
20490,6720.7619757976945
20491,4653.994956506186
20492,6690.1654339443085
20493,8357.689083652771
20494,7124.119473190662
20495,4996.022421369783
20496,4156.217407498559
20497,7352.2630396872355
20498,8151.764700644753
20499,6039.530985066693
20500,7207.651509188672
20501,6088.3305782649795
20502,6179.597585681327
20503,5087.259701370871
20504,4898.602385063371
20505,5406.506900466086
20506,7158.479506452504
20507,7152.297002948193
20508,7171.5194389795815
20509,7252.725685084079
20510,6129.185219864992
20511,6126.1757608674625
20512,6364.158868493206
20513,5612.435090683489
20514,7734.761295207368
20515,5527.2031690174945
20516,6626.725023816366
20517,5093.425187083965
20518,6865.312527060405
20519,5409.961553616078
20520,5280.300456441537
20521,6560.03599457829
20522,7365.334261891916
20523,6755.3092858990785
20524,3972.854130222517
20525,7070.8198217106565
20526,7251.940157505137
20527,6708.816954664497
20528,6175.128939683102
20529,6529.696067243193
20530,6588.924102319605
20531,7243.701113391105
20532,4859.384463570259
20533,7068.650470953032
20534,5879.11183976394
20535,5450.088921757784
20536,5550.050698966617
20537,8034.868724500079
20538,6871.52121967517
20539,5439.054744046757
20540,6000.6291113298585
20541,7393.280407393421
20542,6191.097965229875
20543,4490.380844638546
20544,4379.965970966032
20545,4458.442626567556
20546,6453.698234210709
20547,5328.952066634035
20548,4815.520139445232
20549,4370.919072475226
20550,2690.777648709864
20551,7507.254810700944
20552,7037.312680449007
20553,5587.1008320029405
20554,7455.2459097148085
20555,7807.963017924574
20556,7203.804130806145
20557,4273.71498960906
20558,6350.7745979114425
20559,5445.0806307996045
20560,7206.848017076366
20561,6646.907727004261
20562,5617.100290473522
20563,5109.2212254338065
20564,6004.784911056579
20565,6541.656378461562
20566,5697.847518431566
20567,6941.497409798228
20568,5119.790724366271
20569,5577.389204584302
20570,6716.9751969901645
20571,6233.565863486748
20572,5890.787446130879
20573,4922.993506175326
20574,5811.03116293958
20575,7766.133079131808
20576,5081.129418575483
20577,7579.628017582981
20578,5371.629962934569
20579,5433.5303867751045
20580,7218.5884243483215
20581,4637.384563713749
20582,6946.84966732339
20583,4747.133416769532
20584,2186.5523861418555
20585,5566.359771224207
20586,3947.704375000257
20587,7382.2052302962675
20588,7226.715480027345
20589,7366.997866537294
20590,7322.027690420987
20591,7156.288809047305
20592,6520.6054632915175
20593,7177.46711782406
20594,5719.3185937697435
20595,3924.44968133506
20596,6524.548694957115
20597,5200.129628194521
20598,7044.0379819173395
20599,4722.336397191335
20600,5341.64976993917
20601,7358.261897894687
20602,4006.043452469336
20603,3696.5677408200886
20604,8413.936030616833
20605,7273.0955939170635
20606,5599.937369272242
20607,7503.410752196465
20608,5776.068764688535
20609,7127.120158657868
20610,4502.91788026311
20611,7524.018388831037
20612,6959.6824920124145
20613,5844.861964480433
20614,6033.138104510204
20615,4363.096686504866
20616,7316.522533611592
20617,6082.89447377542
20618,7381.051990911396
20619,5198.937720512273
20620,7855.328961816979
20621,6280.682366411966
20622,5740.004695027613
20623,6020.245756576241
20624,3537.840546582754
20625,4132.2735309814925
20626,7562.960071759455
20627,5994.949612071848
20628,7468.809059562622
20629,2574.8797093797452
20630,6654.53836624211
20631,4335.5411344283875
20632,6112.235356531482
20633,6459.781589754089
20634,4541.875961268543
20635,5791.167738311598
20636,6173.629732307553
20637,5695.1110568559025
20638,4265.810899889853
20639,4580.325939244927
20640,5720.4177328630085
20641,5674.67200822938
20642,7977.387294688572
20643,4939.639877847236
20644,6705.555246673554
20645,5157.825893124695
20646,7129.698927830127
20647,7621.731561781979
20648,6417.015106900602
20649,6964.512482047127
20650,8308.952935494075
20651,5603.091483243902
20652,5079.492852392299
20653,5539.051233319026
20654,6858.721006520015
20655,7453.451986691279
20656,6610.815712875085
20657,7197.622178410734
20658,5011.4332899991105
20659,5545.045166580301
20660,6800.199246840463
20661,5411.992083675158
20662,5706.398483375172
20663,5751.014045621858
20664,7700.380627641463
20665,7318.483343313112
20666,1830.558636007826
20667,5396.766765647231
20668,4004.436346258983
20669,4367.095731339181
20670,6850.963085722077
20671,7224.023872346413
20672,6943.082816028331
20673,6201.321508711847
20674,4929.428945842208
20675,7632.461505881098
20676,7490.7667936347525
20677,6387.614605657222
20678,6498.988040842509
20679,5024.08442739924
20680,5086.19187908093
20681,6544.6008684023445
20682,7279.38738665883
20683,6052.583013479411
20684,6501.57867045789
20685,7034.3662488229775
20686,5720.148036010256
20687,3321.82555914495
20688,6952.559029050063
20689,5998.35680913815
20690,6608.957603310451
20691,5220.327200594478
20692,6479.534378463202
20693,5428.457809979459
20694,7350.214573400393
20695,6661.36836104095
20696,6511.019654451432
20697,4108.861498266442
20698,6419.566174325209
20699,6396.877720128059
20700,7098.252848942578
20701,7419.1841887383325
20702,5191.427834080257
20703,6941.374150534389
20704,5341.212772797194
20705,5376.714781804776
20706,6301.6121626368695
20707,7111.846228315823
20708,8276.22418445911
20709,6721.788522105652
20710,7837.589088686165
20711,5050.909169309168
20712,6115.567439091453
20713,7245.672505990946
20714,4188.315314768318
20715,5311.79565874847
20716,6267.058704695861
20717,3189.753051216495
20718,7321.260029142632
20719,3798.831230433216
20720,5299.0394033269195
20721,5389.400778099824
20722,6958.980021099344
20723,7081.6671841466205
20724,5213.179021573936
20725,6124.046348923506
20726,5972.158652173542
20727,6654.80982720527
20728,6511.635994194098
20729,5495.058838572939
20730,5123.970061623615
20731,5218.487365553391
20732,6066.998112802815
20733,7135.534643822508
20734,6386.3343786365385
20735,5790.727600268469
20736,7600.937475876932
20737,5052.648264322348
20738,6822.0456209002905
20739,7314.751102912052
20740,7079.747683744948
20741,7266.817944214454
20742,5741.630901778151
20743,5025.4613379076145
20744,4829.397946883655
20745,5204.708172228848
20746,7732.245380281925
20747,5626.756225700164
20748,6341.226604969941
20749,6032.586821371842
20750,7664.633012531929
20751,5726.975589131066
20752,4450.754900906866
20753,6862.664125849477
20754,6177.76367334602
20755,6546.467914560156
20756,5537.920385203997
20757,8375.251212629904
20758,3543.0068963090594
20759,5185.6914237984065
20760,5423.368823276301
20761,3792.72011890531
20762,7042.525176473422
20763,4667.298568889349
20764,6498.222807569408
20765,7038.360729429487
20766,5472.936318450967
20767,6297.1399949977285
20768,5676.849287798259
20769,6429.012054459549
20770,7112.845911933289
20771,6915.041496688798
20772,4353.132159583842
20773,7640.414674064199
20774,6180.957565162229
20775,6483.054426139922
20776,7246.968971901091
20777,6480.410679027729
20778,7566.772959332519
20779,5428.849239540891
20780,5559.812174585758
20781,6251.988660394009
20782,5151.180044856644
20783,5633.376369290466
20784,6222.699344361674
20785,4236.170455444599
20786,5735.531917790828
20787,6310.328198262766
20788,5441.5529406390915
20789,5609.914231985219
20790,7953.111651762229
20791,7231.101644955198
20792,7784.231348041736
20793,8303.72638068074
20794,5384.886045363137
20795,7134.707165615219
20796,3100.909108809299
20797,5300.791760850892
20798,7341.915706740712
20799,7527.160806879955
20800,7520.542340970397
20801,5785.097579719023
20802,6522.531771038115
20803,3318.5102808467623
20804,7312.608888812812
20805,7309.394676212576
20806,5810.890453244058
20807,7323.532902239517
20808,6000.394325251571
20809,7526.001139661072
20810,4658.084688829621
20811,5538.359008270401
20812,6481.985406845764
20813,6053.247223840968
20814,4839.745644728354
20815,5708.177202143481
20816,3545.905434288354
20817,7515.469079894001
20818,6288.699712221405
20819,5232.40221114881
20820,7330.542921394878
20821,7704.1168728937955
20822,4185.4034243923015
20823,6452.457167638932
20824,6509.5535031754425
20825,6069.676093526818
20826,4696.771282304595
20827,8140.844310402628
20828,7551.300571408678
20829,5881.3821922602
20830,6060.658923852003
20831,7424.096642756886
20832,7231.608999932301
20833,7050.825557816039
20834,7334.977249193444
20835,7257.646837889073
20836,6538.020194904699
20837,6817.125347449836
20838,1923.9176632969647
20839,4258.303849540112
20840,6371.762932281168
20841,7009.366725478658
20842,5770.548148547139
20843,3654.4955166738237
20844,7482.342725457574
20845,5847.638598244428
20846,5566.054247729931
20847,6494.654552431653
20848,8383.570074039486
20849,6535.148030359717
20850,5150.756966803891
20851,4680.6735189104775
20852,7361.851992373693
20853,6995.637835873938
20854,4789.079184444673
20855,5090.573893483005
20856,6599.91945008662
20857,4391.636506612249
20858,7563.333586225896
20859,7976.6614473772
20860,5074.729381827241
20861,5555.795214913151
20862,6539.813860327126
20863,6371.61498113221
20864,7417.198753777906
20865,5750.160615650638
20866,6228.337061078034
20867,6400.12026260359
20868,4535.061430425465
20869,7047.736102513249
20870,4570.374541198053
20871,6010.464475496569
20872,5711.12887933486
20873,6217.065190732106
20874,5825.40844896168
20875,3808.808498739755
20876,5141.943707856739
20877,5319.256674258403
20878,6346.637465714761
20879,5595.413962307428
20880,6169.039852865638
20881,7802.382539300267
20882,4148.855078348795
20883,7052.107914144312
20884,5779.58301273729
20885,5893.464540512414
20886,4590.292488105164
20887,6121.653508667779
20888,6253.309236003653
20889,5383.334439356838
20890,6664.855638593913
20891,6787.190040994116
20892,4925.460060107637
20893,6886.8364813344815
20894,4890.611430503527
20895,5531.351696172949
20896,5259.962978458338
20897,6428.742903760992
20898,5426.649741762853
20899,5501.746270662468
20900,7063.088309191029
20901,4973.713345248294
20902,6437.377570508156
20903,7861.475376364145
20904,7400.228256585069
20905,7266.1657196447095
20906,7192.89899829919
20907,6878.542133556307
20908,4334.101986749163
20909,5426.744936431698
20910,4150.221830341903
20911,6078.208936773162
20912,6067.314572085574
20913,4358.367294117496
20914,5350.738354574234
20915,3889.367413621935
20916,4461.530120785534
20917,7013.164718664434
20918,4502.833337165926
20919,5192.3013141802885
20920,5621.576300170205
20921,4002.7028574019114
20922,4181.730309583893
20923,4014.5540977562778
20924,6338.664066574316
20925,5238.295809783987
20926,6531.978000969034
20927,6118.312364432838
20928,5586.04688044292
20929,5683.473563517021
20930,7600.795842492578
20931,6851.063790574918
20932,6036.004005785595
20933,5206.777121149904
20934,5946.530802255762
20935,5706.402734450244
20936,6873.702922832594
20937,6794.196203683048
20938,7012.3117257174345
20939,5401.882049918511
20940,5381.075510746001
20941,4965.209970651835
20942,5039.07539338363
20943,4335.234173245882
20944,4738.34457690461
20945,7679.321931398055
20946,6595.759489836558
20947,6805.125049582425
20948,6979.782998236557
20949,3695.584284808468
20950,6495.830148909193
20951,5489.947911248253
20952,3459.947125801569
20953,3890.6803889440503
20954,3678.51382449027
20955,5916.739677537124
20956,5313.437769796428
20957,6256.124383928624
20958,6895.4797025161915
20959,4744.2682413555485
20960,7033.603905025357
20961,5867.464873659198
20962,6540.440765296036
20963,5774.827740895509
20964,7053.757440501517
20965,3720.238421008175
20966,5264.116978231461
20967,7011.373091120493
20968,5792.22010069348
20969,5789.324037670403
20970,7327.185672038752
20971,5925.401574970324
20972,7991.486093223395
20973,8184.532001033836
20974,6225.989804414441
20975,5914.596803814252
20976,8339.644171811227
20977,6085.132720621413
20978,6757.881285682564
20979,5013.424496727388
20980,5475.756470937022
20981,6984.887817887395
20982,6446.039850931963
20983,6848.932606300486
20984,5591.989668290386
20985,8080.698289386501
20986,3769.80360753539
20987,7240.796786288331
20988,5453.737650870842
20989,4689.19016130901
20990,6198.324204817097
20991,6356.125198659257
20992,7181.155054390634
20993,5822.972757789653
20994,6242.3003144916765
20995,4053.3699085011463
20996,6771.232150335746
20997,7413.166393019618
20998,5337.201723082104
20999,5791.618327266191
21000,6466.999423347277
21001,6780.4529784052265
21002,7268.8653440268145
21003,7581.507789637217
21004,6901.391728733125
21005,5475.327516986628
21006,7149.815886102069
21007,6201.912084931119
21008,4226.263453526984
21009,5695.111589552359
21010,4259.091923813535
21011,7406.139706025136
21012,7319.999993744143
21013,4435.824346268983
21014,6585.839852234385
21015,7079.878046473503
21016,6577.8911999291995
21017,6682.174626695291
21018,6609.1457425400195
21019,6973.357838535456
21020,7054.979235032915
21021,5086.475648321077
21022,6195.054241207909
21023,4108.957851709255
21024,7319.580332512149
21025,5610.396474007095
21026,5855.799728898283
21027,3526.9526611811802
21028,6606.295856476164
21029,5242.301961960677
21030,6161.920441224255
21031,6368.091886295407
21032,6815.203169946909
21033,4250.129445404853
21034,6890.825377853889
21035,7508.749797389093
21036,3806.677947232144
21037,4281.970077462012
21038,6999.606872520513
21039,7846.447194848714
21040,5868.268940765487
21041,6410.182747079133
21042,7990.951480721241
21043,4799.864718380681
21044,7300.454155118752
21045,3844.82506781882
21046,3220.2189207355127
21047,6228.144003623649
21048,4535.459378972094
21049,6306.370635807393
21050,5658.876487457845
21051,5075.931762350512
21052,5915.451784708402
21053,6146.6228423228695
21054,6462.928455452076
21055,6664.294765507542
21056,6761.838761622776
21057,6695.3452940851
21058,5629.252121676394
21059,5279.006499707282
21060,7447.630266362734
21061,7650.498379118324
21062,5202.307732525885
21063,6406.464855253788
21064,6030.185129511371
21065,6743.737527463671
21066,4033.507385466858
21067,8156.007917074084
21068,6369.238358216242
21069,5399.7357324385985
21070,3626.157967258055
21071,4432.673413316857
21072,6516.706163944434
21073,5696.943573264728
21074,6394.60364326379
21075,5735.963670712852
21076,6842.8825888876045
21077,4169.2566955700095
21078,4317.780229825547
21079,4895.072876968996
21080,5362.52223122374
21081,5989.913554198146
21082,5433.506157678908
21083,7701.628082882145
21084,5887.280637784173
21085,7286.549507119262
21086,6631.120787281386
21087,6549.440731011251
21088,7749.928704192249
21089,8047.822163128052
21090,8074.437022417178
21091,5719.6160595021975
21092,5707.799128198154
21093,7266.575234826863
21094,3764.496340726785
21095,6659.576881199614
21096,6583.627273692205
21097,5090.873984620992
21098,6227.8545181947575
21099,6632.196342758932
21100,3779.204660973262
21101,3955.939790718303
21102,6581.803416664487
21103,7377.648259805705
21104,7675.690067928993
21105,7543.589992225041
21106,6340.715792696066
21107,5331.386923206953
21108,3835.5741039530812
21109,5083.068559117773
21110,7444.1850545255065
21111,6480.610760268367
21112,7175.706968882391
21113,4215.685568801865
21114,6129.164402668075
21115,6591.1889032058625
21116,6622.241180090484
21117,6265.465866683131
21118,5497.058762970873
21119,6851.20245066162
21120,5754.43542498703
21121,6681.564515161171
21122,5926.536813668491
21123,7562.384949964815
21124,5194.658049795005
21125,6664.3561636925315
21126,6117.618719197111
21127,6685.136602368581
21128,7229.88889577361
21129,6413.815072508157
21130,4732.214562312672
21131,7317.488525284824
21132,6587.434819815695
21133,5498.950329371454
21134,5481.562820456878
21135,6072.55124097416
21136,5853.910227493988
21137,4386.98317526824
21138,6366.2159012682905
21139,5123.469983202624
21140,7343.750832976972
21141,6200.527753106693
21142,6714.087607703816
21143,7005.617475110967
21144,4782.792925687164
21145,5187.534418652022
21146,7216.426214847925
21147,6150.692100170332
21148,4152.895360241237
21149,4774.415791525728
21150,6586.704542960949
21151,3676.2119747808024
21152,5541.326109161812
21153,7276.863312108109
21154,5307.494583092345
21155,6060.003467845548
21156,3422.8423281393934
21157,3748.6075589471475
21158,5207.037975054317
21159,3162.733627648474
21160,5559.720459620771
21161,5376.476777479327
21162,6116.875171327915
21163,4218.640685665261
21164,5533.850080758532
21165,5518.582690288513
21166,6880.9379468679645
21167,7558.974777587986
21168,8101.617853878948
21169,6823.028366419937
21170,8006.500308654954
21171,7229.490953842356
21172,5363.504675299731
21173,7882.147337410368
21174,5600.016347360357
21175,6650.958988593759
21176,5823.068452687765
21177,8474.316992546366
21178,7243.308392396233
21179,6333.160048372047
21180,7090.506687434107
21181,6692.267101507822
21182,7208.532413190679
21183,7178.66609302526
21184,6580.844283290449
21185,6865.509147113349
21186,6249.239573749469
21187,5964.78386280087
21188,6756.988659016938
21189,5005.402136453188
21190,5001.151974838729
21191,6004.3322164157835
21192,6858.927748053907
21193,7603.63221658494
21194,3719.822317428814
21195,4710.565419112456
21196,5150.686128404323
21197,6920.8962119447015
21198,7236.247822081017
21199,5717.92000373391
21200,6308.868830714579
21201,6683.17093846486
21202,7322.769100069292
21203,5300.069473964478
21204,7380.908361205971
21205,5750.649281383235
21206,5615.038752764795
21207,5901.033083645745
21208,8430.768421124903
21209,3486.023461889193
21210,5735.497434041248
21211,6993.041687327411
21212,7537.499046119
21213,5906.925618789874
21214,6078.454750178455
21215,6597.54595374837
21216,6771.176364158445
21217,4492.521345244528
21218,5613.550333956118
21219,2032.7243148021344
21220,8102.708736412823
21221,5587.819556834668
21222,6943.136410540685
21223,6903.561387762214
21224,7121.607700329327
21225,6338.585851577995
21226,5285.45650381849
21227,6412.202346357798
21228,4265.102647377077
21229,7322.983591108667
21230,8519.324329459238
21231,6717.987558180935
21232,7914.597423793055
21233,6425.719512010337
21234,5482.906155516635
21235,7517.090341637389
21236,4213.65683678247
21237,5802.636968510725
21238,5299.594611181775
21239,4179.105719150769
21240,5313.084768095191
21241,5301.8913819144955
21242,6479.323034649948
21243,7083.85849331989
21244,5860.071685960047
21245,6562.848732728048
21246,8234.160244969538
21247,6774.947605736594
21248,6509.535022707463
21249,7492.3981405495615
21250,6487.086134651247
21251,6596.31023023877
21252,5424.169043273258
21253,4435.366221637332
21254,5810.240937074771
21255,4412.868473202755
21256,6707.296401146173
21257,6171.137555059662
21258,4462.515897290374
21259,5412.3108807745
21260,4178.772280294839
21261,4961.55312836964
21262,7870.3990204170805
21263,4453.459152567378
21264,7131.718532401513
21265,5211.863319964976
21266,5300.539197614629
21267,5848.417445645447
21268,6566.845667370941
21269,7495.883712799797
21270,8008.845159355356
21271,4172.051803367427
21272,4654.218002753175
21273,6211.968219760757
21274,6165.948529261336
21275,7833.741305509926
21276,7054.318162394809
21277,3483.920893538788
21278,6447.452128186275
21279,7106.892555350812
21280,6467.373599424572
21281,5185.582140714108
21282,4734.21597317554
21283,5239.647711355725
21284,6788.744197962916
21285,6109.162132716975
21286,6949.546080276828
21287,5122.168654806081
21288,7265.543819710646
21289,7366.461133125177
21290,4075.4872008344937
21291,8094.008579084537
21292,6174.902778983774
21293,6744.143953413834
21294,6963.359573939132
21295,6903.933875055785
21296,5970.525317072788
21297,4165.922338485682
21298,5247.730223354433
21299,3870.8687280821728
21300,4420.382209280888
21301,6485.4188789647815
21302,7331.665166926416
21303,5803.395013707596
21304,6442.12554173227
21305,6472.402909957686
21306,6161.689906040835
21307,7150.579994885436
21308,5720.669945573498
21309,6617.10748820742
21310,5946.633758988589
21311,6431.168024642758
21312,5907.022152541059
21313,7353.9896195649
21314,4470.141872496417
21315,6704.430087797116
21316,6523.008828769419
21317,5219.771829684053
21318,7521.032611807076
21319,7362.132394343076
21320,4488.878089584511
21321,4041.1568107257444
21322,7332.331676911856
21323,7531.592518386921
21324,6364.627724530772
21325,6783.591739196271
21326,7936.147867405082
21327,5600.811347650198
21328,7703.946452366901
21329,6088.781002498372
21330,7120.838567241552
21331,4247.651163174058
21332,7746.6772561775615
21333,6895.879382600244
21334,5404.188177137519
21335,5818.960576309137
21336,6180.744240313234
21337,6548.4370939368055
21338,7813.635104234628
21339,3576.4920962437773
21340,7902.36001788368
21341,6065.935830408702
21342,6082.9547876249335
21343,5961.168606434764
21344,4733.019836086851
21345,5646.814510407847
21346,6867.002909590552
21347,5508.224236969118
21348,5093.228546665164
21349,7819.252329449234
21350,7167.103787371622
21351,8091.314778433354
21352,7723.367520588311
21353,7231.499711890324
21354,5056.584149789948
21355,6636.112170841389
21356,5679.319800817214
21357,6269.272171888755
21358,5413.599861929761
21359,4049.9296169870377
21360,7217.252663845383
21361,5533.555721456288
21362,7466.33224413781
21363,7196.7579357124805
21364,4606.948884688157
21365,6500.759478681478
21366,7533.201933800806
21367,7465.611187119177
21368,5048.7681964094445
21369,4252.498891279381
21370,5432.866677477599
21371,5612.6622430039315
21372,7140.503880362755
21373,6608.043433626769
21374,3811.040202616497
21375,7934.530385094466
21376,5293.6674310687695
21377,7224.441526241815
21378,7352.806573648148
21379,7292.949690159612
21380,5146.4792352621
21381,4583.127403032331
21382,5983.859179839022
21383,6739.61008915039
21384,5849.346547249858
21385,4715.619887505272
21386,5277.936649400577
21387,7812.286154993001
21388,4795.954351977305
21389,5067.68662429742
21390,4993.583858197031
21391,3900.112001538372
21392,5921.258042171723
21393,6781.067142065056
21394,6859.833135595635
21395,7074.8862603659145
21396,5757.5010367956
21397,7356.395867045148
21398,5432.157068368965
21399,4985.890458594092
21400,6241.15701683758
21401,6095.742198616155
21402,6100.655097117657
21403,5945.434390429469
21404,5059.101834950556
21405,6759.753631039098
21406,7037.797397219234
21407,6269.300008179815
21408,5347.3692606718405
21409,5352.161422938042
21410,8002.4970369538405
21411,5960.401970655522
21412,5889.08834343154
21413,7143.886641923744
21414,5545.094210662879
21415,7868.428256002733
21416,6959.890711995568
21417,6979.782267667975
21418,6021.096744564886
21419,6732.716535382223
21420,4006.736992236072
21421,7824.216259097873
21422,4387.14299958404
21423,7219.79146227364
21424,4998.391378669425
21425,5709.059939656898
21426,6042.20974166139
21427,4130.115513011649
21428,6784.762714752404
21429,6487.376532425749
21430,5930.398998592589
21431,5699.985731456016
21432,4316.7817173625845
21433,4645.6139540309005
21434,6029.009825045939
21435,6459.242434189724
21436,5120.815895364579
21437,4221.198357801377
21438,7357.124006812988
21439,7395.485677557692
21440,4567.992953532235
21441,8213.678031445019
21442,7616.093048527007
21443,5069.427814245487
21444,8153.499055309092
21445,4160.379786138939
21446,3416.848401934167
21447,6426.079703022051
21448,6234.164108330994
21449,6663.840581229764
21450,5779.422021643543
21451,5887.410542401407
21452,4515.249909649786
21453,5504.571357822477
21454,4408.767186991359
21455,7553.357830487979
21456,4001.2343724477514
21457,8328.021660927936
21458,6425.747733869802
21459,7629.519027928038
21460,6714.106341184488
21461,5205.723703140041
21462,7231.792192786966
21463,4659.539018723931
21464,5025.139760042706
21465,5297.705163076269
21466,3658.7465441309946
21467,7510.445849890243
21468,3217.22095988943
21469,4133.385148272232
21470,4922.008278885517
21471,7818.306315186261
21472,5342.839880619715
21473,4642.653359652506
21474,4484.8783595043615
21475,4577.4536854590815
21476,5600.3698343822125
21477,6432.918573009466
21478,6963.0208457623075
21479,6417.239375721546
21480,6757.7605540285895
21481,7482.751905396759
21482,6781.988992920698
21483,5395.28448156119
21484,6556.78518706729
21485,4670.522419714519
21486,5166.648906096019
21487,6828.303570946698
21488,4986.081494836858
21489,8186.788810676886
21490,7520.616589608424
21491,3734.0877884249476
21492,4892.362805350912
21493,7657.872311615507
21494,6527.544925556923
21495,5791.204761352623
21496,4372.253073049305
21497,7721.463887406409
21498,5339.145550580371
21499,6803.188208059309
21500,5403.895577313876
21501,7717.138710657889
21502,4915.781199324494
21503,7055.26657555653
21504,5830.610522312952
21505,5584.597294060871
21506,4155.053757242009
21507,5108.818313248905
21508,7160.582303672024
21509,5688.454347008711
21510,7359.0216804866795
21511,8040.587415144319
21512,5279.9905585548
21513,5101.888696859575
21514,5231.188918782747
21515,5584.94249765234
21516,5741.888450074309
21517,7932.7671677251465
21518,5155.069348273717
21519,5784.440329718578
21520,3548.9005844188355
21521,5219.469346211257
21522,7153.371104359554
21523,5073.446636741806
21524,5816.744433387607
21525,6141.057012825323
21526,6348.939002246928
21527,3729.0832715770443
21528,6841.251687385693
21529,6956.802915908919
21530,7181.988905844278
21531,7938.638014517007
21532,4714.023142017934
21533,4597.535499685246
21534,5782.4220430703235
21535,6548.672404569764
21536,4860.381829140181
21537,6908.623775175308
21538,5657.675783970035
21539,5221.697349295352
21540,5028.507609731657
21541,4944.065186721167
21542,4791.280189406356
21543,6214.440201465227
21544,6420.154706115801
21545,7955.698963674529
21546,6921.996259862639
21547,3159.272744134335
21548,8366.42362012616
21549,6807.370597380812
21550,6730.102488537078
21551,6743.220836518373
21552,6576.007516569881
21553,5432.218891600392
21554,2892.718366729393
21555,5223.75587239084
21556,6950.99411744502
21557,6482.803454300263
21558,7121.725818681984
21559,3156.2470680947017
21560,7060.169340972225
21561,4822.000961788828
21562,7139.061773046995
21563,8065.180233484058
21564,5555.305403398525
21565,6273.417823497919
21566,6573.47513411891
21567,6799.935148842808
21568,6103.572398692408
21569,6420.497579848727
21570,4875.740593991859
21571,3061.100688404384
21572,5304.606353512731
21573,5954.162880601778
21574,5633.579261800076
21575,6641.722507213641
21576,5517.484622646946
21577,6970.235850499357
21578,6084.473014404398
21579,4652.85979210069
21580,7271.149337648554
21581,6815.852157324971
21582,7874.61767811349
21583,6428.192174016502
21584,7321.028319430735
21585,4482.7252932020465
21586,6536.175118857214
21587,4425.014364622866
21588,2657.46526515689
21589,4427.65145400837
21590,4298.882885567444
21591,4103.49478522415
21592,6611.368296054878
21593,5552.394492747947
21594,6251.184174279197
21595,5849.516096495645
21596,5288.8242389501675
21597,4014.7125722716555
21598,6527.087015125825
21599,3912.9614135301636
21600,7048.988983062928
21601,7504.181036511505
21602,5975.046653165315
21603,4763.6550657755615
21604,6905.931034346137
21605,4004.5515734471974
21606,7026.258390991718
21607,5078.8897154456745
21608,4657.152249334078
21609,5432.170933721515
21610,5944.78257995315
21611,6760.039659307052
21612,4444.291160904806
21613,2792.067358205788
21614,4997.039909212967
21615,4925.215551507021
21616,6756.139727146929
21617,4741.172782167333
21618,2735.2496982514854
21619,7481.827868732033
21620,6325.867287042167
21621,6908.024352487272
21622,5278.414231740629
21623,5679.082778363919
21624,5667.251224257182
21625,6622.197916806484
21626,6176.983530714534
21627,6164.569789628623
21628,5474.158134541157
21629,6576.235050045335
21630,5291.083134367668
21631,7468.266732995044
21632,6497.67780140256
21633,5611.464034540627
21634,4196.316740247811
21635,6234.172657314445
21636,6344.945471811504
21637,7513.057773909863
21638,4389.2828065160265
21639,6340.983402969684
21640,5588.910249636458
21641,5425.145200640222
21642,5480.33000837953
21643,4759.68012818285
21644,4278.737801456545
21645,5182.710736616665
21646,6224.742108184801
21647,6909.127746469523
21648,7980.491972688108
21649,3588.7219706181563
21650,7893.238687693982
21651,2619.5080002437603
21652,6029.067261046209
21653,5561.769992141708
21654,6892.371558524974
21655,7846.536665548745
21656,7110.326091782843
21657,5232.584369511681
21658,6465.683594713665
21659,7883.446907482484
21660,6267.604138878699
21661,6372.237074423559
21662,5779.126533975076
21663,4823.6869274189075
21664,7325.318592935891
21665,7502.637407067217
21666,7720.190242037918
21667,7333.677725597875
21668,5567.492355703813
21669,8480.092184830874
21670,4859.933437856525
21671,6615.808783566663
21672,8288.871420474403
21673,4696.649210664367
21674,5117.266047628369
21675,6662.962826365644
21676,7670.9117159080815
21677,6791.20956943243
21678,7785.20318664134
21679,7131.477215104791
21680,4172.576956152556
21681,6739.819377207932
21682,7176.038530073034
21683,5765.6049391674205
21684,4901.091953082718
21685,7523.709157046154
21686,5093.713382637503
21687,7580.464813772083
21688,7028.567936508791
21689,6558.693763351843
21690,7130.524451195516
21691,4477.877271935373
21692,5288.7621876321155
21693,6263.91354568416
21694,4613.047338590691
21695,6603.292168020309
21696,5863.478155288155
21697,6426.045588255099
21698,6518.971093501239
21699,4449.706728530931
21700,7023.33257713695
21701,5500.43245021941
21702,6408.575797242798
21703,4339.215200376303
21704,3731.099422855297
21705,4806.938580686569
21706,3842.900727109901
21707,5775.164959898655
21708,5881.915932293902
21709,6379.932610928034
21710,7682.299956673685
21711,5404.841864315991
21712,7207.8675629389745
21713,6825.627107298812
21714,7386.810501800867
21715,7513.666297477414
21716,6225.889376732241
21717,6421.898277203181
21718,3543.452581081724
21719,7765.579182843272
21720,8021.05976119649
21721,7026.50099350993
21722,5579.830659197816
21723,6779.353320605224
21724,6841.607954318855
21725,7265.417386774143
21726,4677.677597432238
21727,6708.683850955338
21728,4869.069391126723
21729,7032.161195709695
21730,5437.544287737932
21731,7651.84361879994
21732,4730.785230804871
21733,6520.607520273698
21734,4349.552137059658
21735,6252.036599484768
21736,5184.934610137187
21737,5719.075353528234
21738,6272.8000442125685
21739,5973.131375556469
21740,6432.38045709536
21741,5854.853122819123
21742,4954.595112973202
21743,5147.4304378774295
21744,7567.081927964934
21745,6636.925032094943
21746,7662.07603935212
21747,5662.357113085244
21748,7232.747068597008
21749,6431.697802766722
21750,6013.802102557209
21751,6583.612055837897
21752,3530.7727327230245
21753,3460.70264609919
21754,7229.754805886401
21755,6242.813378515031
21756,5469.922866828822
21757,4073.0440172017757
21758,6384.482490790808
21759,6128.898492937436
21760,3837.57805555035
21761,6451.254220394333
21762,4901.901756142059
21763,5469.0218041615135
21764,5524.030842262928
21765,5871.613743413713
21766,6016.527737398097
21767,7680.122039114612
21768,7035.085620123988
21769,7891.757586239746
21770,6635.689507503914
21771,3492.8641694477074
21772,6531.411510380789
21773,6394.196571144217
21774,6458.658988479026
21775,3043.0104095054708
21776,6640.002656991819
21777,5786.376857645633
21778,7850.551206454072
21779,6955.566907613558
21780,4023.6483189649243
21781,6843.20797450652
21782,5609.7805245678255
21783,4103.265745664978
21784,6333.392023086882
21785,6815.246953476627
21786,7197.594444059476
21787,7084.334161165733
21788,6022.421659389865
21789,8305.75943649518
21790,6481.291180891517
21791,7397.4535777679375
21792,7829.532711543
21793,6302.848509630884
21794,7033.927715263839
21795,8206.771733002313
21796,6048.409324877172
21797,4722.825437562225
21798,5958.400019836323
21799,6573.574236381307
21800,5975.160827836881
21801,7196.432425434314
21802,6218.001635016376
21803,6611.623603393182
21804,3987.6618378801795
21805,6219.816756966514
21806,7252.760645269318
21807,4906.329245734885
21808,7474.351887650535
21809,7428.013160730402
21810,4022.8080833651984
21811,5494.685374476212
21812,3533.494046177019
21813,7631.532405520647
21814,8557.328273649315
21815,6203.349275550162
21816,5457.869819594499
21817,4888.258425016708
21818,6551.777652731868
21819,5607.1235091162625
21820,7591.648889096258
21821,6761.0899124651805
21822,6973.395444786054
21823,4739.707158065722
21824,7288.173338993526
21825,6484.682005317513
21826,6823.920762997654
21827,7742.411684215627
21828,5704.719916958459
21829,5143.150450320979
21830,7239.166998622521
21831,7363.421966149794
21832,5688.803738829189
21833,6399.82138821732
21834,5971.7173617402705
21835,5414.481710006179
21836,6527.316999063128
21837,6573.755109048676
21838,5102.399839196657
21839,5787.770487389976
21840,4970.512415462239
21841,6527.862052909089
21842,5837.7720155594725
21843,5517.463620231293
21844,6106.939722153867
21845,6100.312754060695
21846,5756.00043397753
21847,4598.508197804073
21848,4922.573672965771
21849,6952.4702371864005
21850,6817.417314028442
21851,6827.933663344442
21852,7821.7515054041305
21853,6350.063033490994
21854,4749.7728185390315
21855,6540.132128861343
21856,6425.5235997483105
21857,6369.088781909864
21858,5300.82636271265
21859,6397.623048146592
21860,6074.2496951470475
21861,4401.623234667789
21862,5518.462937569097
21863,5900.615781962997
21864,6205.531650521444
21865,7300.28263313147
21866,6919.725353580096
21867,4071.520524864335
21868,5347.554520618413
21869,5129.137112404851
21870,5526.489618053638
21871,5976.615730337918
21872,3753.1970108962705
21873,4368.057801310019
21874,5458.6791762318235
21875,6435.062406511607
21876,7026.180710774945
21877,4937.804970060365
21878,5008.856677714632
21879,7938.749012088602
21880,6023.0041551486265
21881,4182.567374065566
21882,6148.943892096221
21883,6589.820867723347
21884,4617.812672384049
21885,6545.633841035119
21886,5270.460083704773
21887,4241.736845542369
21888,6376.816507755415
21889,6275.664991605108
21890,6382.700245260994
21891,6911.417332602256
21892,5923.663283741398
21893,5879.61084946247
21894,6387.327709061672
21895,5233.011185957074
21896,5244.35361830007
21897,5681.775608900581
21898,3897.4306294531157
21899,7387.827435034899
21900,7859.730442567434
21901,7320.697142432653
21902,5748.880011745968
21903,5556.875611882323
21904,7677.710118336687
21905,5754.094290016525
21906,3146.328757760041
21907,4391.831417026468
21908,6803.4950950729335
21909,5022.104445938636
21910,4402.349369826563
21911,4416.537106490536
21912,6080.36759800816
21913,6036.067044098651
21914,7119.391821885492
21915,6473.433146578365
21916,7800.858462155592
21917,6235.11093082528
21918,7439.021643244781
21919,5487.372356141605
21920,7179.566607576457
21921,5356.691888348479
21922,3725.995401300677
21923,6574.000501523138
21924,7883.533988582503
21925,6036.06019601939
21926,6597.06585858206
21927,6908.776483462947
21928,8159.500121929768
21929,6112.575752063359
21930,5773.8424446711415
21931,4162.653572037251
21932,5785.267507671047
21933,7772.068621925688
21934,6905.926365525857
21935,5701.020142839886
21936,7243.077423489371
21937,4141.54807230384
21938,6943.823730810203
21939,7588.145782653708
21940,5980.4229416124435
21941,6999.895524818059
21942,3177.7104646901853
21943,6409.276237065619
21944,5708.39370454485
21945,5119.140189962944
21946,5839.521899953138
21947,6562.981642259772
21948,5293.568768345451
21949,6996.892969511544
21950,6318.157928017887
21951,6087.389746973515
21952,6523.021504667034
21953,5176.266956334725
21954,7708.1490548889
21955,6120.637309123874
21956,4719.9338395791065
21957,7619.523392110889
21958,6099.353879138651
21959,5452.830787004538
21960,6538.924028738554
21961,6813.28612593302
21962,5999.075484987864
21963,6844.42732066672
21964,6799.9970547365965
21965,5981.8039277744565
21966,6046.863013927132
21967,4247.938950284842
21968,7784.147784302153
21969,5730.438230275529
21970,7362.672608553892
21971,7220.021939404172
21972,5650.869089459671
21973,6410.643934483498
21974,5487.71079159683
21975,5709.480560810689
21976,6735.553217055245
21977,3105.1566953491692
21978,7600.892540545128
21979,7195.145385583583
21980,5008.706210897652
21981,7820.27672282443
21982,4701.231951809885
21983,4930.765922504644
21984,7486.014936771468
21985,4358.945767225576
21986,6476.044177616853
21987,6171.136383415778
21988,5317.490753654119
21989,4449.071735569462
21990,5998.078076979235
21991,4411.717046511523
21992,5698.361594419496
21993,6515.179628852235
21994,7850.567795926304
21995,4104.877815621295
21996,6826.75334307435
21997,6816.5825386385595
21998,3298.5876270397684
21999,5997.349762365755
22000,5439.8330714834065
22001,5939.187833354103
22002,6603.563339637263
22003,4786.469225440553
22004,6337.756803831624
22005,7537.956148555506
22006,5642.011730590755
22007,5629.150611973757
22008,7429.728087699659
22009,6423.272620314517
22010,7174.49037143036
22011,5466.894753188519
22012,4902.742586569877
22013,7326.676704380612
22014,6185.34693467211
22015,6665.16566587222
22016,7086.180379772727
22017,6956.692452711252
22018,6399.739381465339
22019,7545.531271521965
22020,5600.986760705826
22021,7599.635896058035
22022,5157.212575112214
22023,3717.4501515105476
22024,5722.370056670015
22025,7135.137919536016
22026,5131.704431474791
22027,4012.213399037162
22028,7859.568438146778
22029,7164.971108549554
22030,4440.581196992212
22031,8164.917573101187
22032,4232.81287860496
22033,6725.9259695071705
22034,7983.630129643978
22035,6843.944838109006
22036,4108.642741141388
22037,5062.179463595182
22038,7731.435782044678
22039,7046.551727469057
22040,5556.249679040308
22041,7954.166260033979
22042,5112.676411938015
22043,8142.078661881281
22044,5870.375417382165
22045,8129.80701968002
22046,6376.1085724715285
22047,8121.568055025267
22048,7796.333078914064
22049,5850.229448295363
22050,4088.7416126094854
22051,3995.4251936039136
22052,4303.424624694479
22053,6455.754755590446
22054,6246.471964473885
22055,6904.414589452673
22056,3462.822345870988
22057,5751.034416450639
22058,6650.020263125045
22059,4236.469740061302
22060,7639.0973280954295
22061,5212.612649616463
22062,6722.610119828327
22063,4353.390224004553
22064,6979.229975498299
22065,7192.880549734309
22066,5704.245057837414
22067,7037.663002401138
22068,6221.875417551337
22069,6269.328325765527
22070,5616.278790144006
22071,6698.167960610862
22072,5896.279615860761
22073,4838.854581488421
22074,5788.807971816162
22075,5566.034833420436
22076,6596.37372582444
22077,5781.600901046779
22078,6370.285087313907
22079,4252.679295356778
22080,4908.370591274381
22081,6639.4236678069965
22082,6122.916654482973
22083,7376.479318297756
22084,6080.001551687503
22085,7687.343512168817
22086,3418.2956158536167
22087,6251.571014271638
22088,5456.657389194475
22089,4333.681534070618
22090,4434.047732935477
22091,4734.2510070511735
22092,7331.281136859735
22093,4401.224845974915
22094,6568.602236302939
22095,6173.328713714082
22096,6418.634629375145
22097,6001.781899188668
22098,4684.165645497515
22099,6547.532614717737
22100,4201.198722781537
22101,4552.854882027969
22102,8178.525549447182
22103,6673.024391708729
22104,6505.037644092709
22105,7639.503307222301
22106,6893.89993822454
22107,7009.730481396243
22108,7113.833893343859
22109,6726.496009784033
22110,4292.82317590032
22111,6502.146045476506
22112,6053.683419083663
22113,8144.807981996847
22114,7491.493102426359
22115,6301.095724318011
22116,8131.630819173541
22117,5716.386601467861
22118,5969.650142603505
22119,6182.494675672596
22120,4434.527704338916
22121,4622.462367129072
22122,6060.716522087577
22123,6287.713744690684
22124,6057.1834153636555
22125,6980.470398953218
22126,7237.886476666884
22127,5431.6904457611145
22128,7923.689262738255
22129,8042.259727558686
22130,7191.700644819264
22131,3216.081952584262
22132,3879.981628087379
22133,3889.0058217195324
22134,6525.502683951872
22135,6103.771422278026
22136,4272.376016473697
22137,5030.016033665696
22138,6806.4695822732865
22139,6452.988886062016
22140,6858.252804050269
22141,6081.754252428311
22142,6462.573578669995
22143,4179.110268426006
22144,6610.806508734852
22145,5658.299026880827
22146,5969.037637588879
22147,7514.204618134792
22148,4784.672087530673
22149,5945.265816532013
22150,5242.902723792105
22151,6672.497190109199
22152,4463.8917286710675
22153,4501.178875951699
22154,3906.9360465400964
22155,6691.963644148605
22156,6434.376411524781
22157,7295.672656569736
22158,3677.9228343663844
22159,5890.381283551429
22160,7400.395752280105
22161,6877.153576219927
22162,6420.88042872827
22163,6595.653919045198
22164,5889.111792599599
22165,6170.54167200076
22166,6579.072936803375
22167,6809.652023251801
22168,6285.596321387592
22169,7126.689318332255
22170,7643.031961689695
22171,5509.936476892413
22172,6440.242572326155
22173,4395.737471724844
22174,6517.692735538237
22175,7440.543966775898
22176,4967.9444363144485
22177,3650.514385974274
22178,5031.300972516795
22179,4253.731642743155
22180,5297.8159563408035
22181,7646.644116696829
22182,6319.348058106935
22183,4041.0417980500347
22184,3456.9480242006925
22185,6390.759484827338
22186,7704.965517096438
22187,6084.478232427246
22188,6623.439086328006
22189,5316.4309475321925
22190,4051.399837615886
22191,5290.012084877452
22192,7008.523582972783
22193,5726.828603493528
22194,6457.9804405137775
22195,5748.49634028555
22196,8082.823694099703
22197,4011.943001748018
22198,7147.35297702726
22199,5012.064107503833
22200,5827.576418839594
22201,6486.707419971164
22202,4727.588359306578
22203,6437.161230568424
22204,5027.810176439045
22205,7350.317740596054
22206,4183.5530122777855
22207,7627.130126393539
22208,6879.158768126767
22209,7266.360207493821
22210,7456.394610580721
22211,5371.053372659591
22212,4819.1029058835
22213,5475.185897690542
22214,7831.64478423638
22215,7505.401106438396
22216,5946.649271575474
22217,5487.521932861572
22218,4330.906482519183
22219,6441.883562701711
22220,6989.230156362458
22221,6702.56784748738
22222,7777.310552253742
22223,6263.181227830135
22224,5925.408727729391
22225,5824.098953545623
22226,5415.783849161725
22227,6137.803008097456
22228,4534.562249109805
22229,6692.737021981956
22230,6159.734796514592
22231,5151.412673060502
22232,7346.155588778165
22233,7584.746343477603
22234,5721.735350361095
22235,3631.51311049828
22236,6861.311203097616
22237,5863.131551458397
22238,6561.084086607607
22239,7465.527991238815
22240,7311.800456129053
22241,4209.181842520184
22242,6651.862862673087
22243,5517.041785475019
22244,6090.422301348782
22245,7208.984093348422
22246,7533.068152507684
22247,7429.7535538385955
22248,5230.718180140428
22249,6196.525766056135
22250,7870.836492660845
22251,7165.850148079222
22252,5547.977863266609
22253,6042.984881613192
22254,6157.121312309531
22255,6729.289141332749
22256,7206.0558425396885
22257,4054.072184595069
22258,5863.421251061759
22259,5426.55157660676
22260,3424.8803896819186
22261,7390.095556104054
22262,3078.386527963579
22263,5865.667213007597
22264,7487.89383852072
22265,6731.526605412003
22266,8150.492953245615
22267,6328.451869027833
22268,5746.424677487874
22269,5686.80056647148
22270,7764.565017959209
22271,6453.620444637201
22272,5743.502694689324
22273,4197.003924478215
22274,5659.698706129763
22275,2586.1449072972023
22276,5994.804448670456
22277,6697.885301555878
22278,6483.090522348008
22279,5057.407302111035
22280,4684.8003791040865
22281,8060.787854000988
22282,4416.481149874972
22283,6318.185679127361
22284,5744.991638719645
22285,8305.662240538266
22286,5820.164395677189
22287,5784.6962828895175
22288,6093.167234334934
22289,4962.975988442078
22290,6040.16863172809
22291,6855.186734925409
22292,7053.761019179021
22293,4945.798447597271
22294,5611.3162218334155
22295,7503.5569506819065
22296,5677.489650220362
22297,5675.030717866664
22298,5217.6421801190445
22299,3773.6891567225944
22300,7550.213563631752
22301,4061.5378783024767
22302,5438.653033525301
22303,5716.491705308453
22304,6635.028158361946
22305,5136.310501021074
22306,6624.778686228952
22307,7037.821629938015
22308,7463.446403475032
22309,7165.617482660833
22310,6368.932020588795
22311,5398.5663813419815
22312,5141.66376013154
22313,4053.3034407759637
22314,8208.195046187977
22315,6821.846246634519
22316,4968.949932967952
22317,6861.002124276213
22318,4702.052249350087
22319,3804.2862585095745
22320,5022.2513867497655
22321,5799.986133975897
22322,4682.5113115844015
22323,5313.367614581212
22324,7790.778616475989
22325,5822.1788073958405
22326,7204.695635490762
22327,5471.467726193737
22328,7965.287194391431
22329,5064.16423675414
22330,5263.056554821173
22331,5359.731511949991
22332,3220.964295092719
22333,5069.426469919822
22334,5827.682876349045
22335,3107.3970097502597
22336,7875.624805976009
22337,5369.006615456427
22338,6222.2834366927145
22339,4368.561983208451
22340,5929.8955528682045
22341,6628.980576010687
22342,7303.11444871392
22343,4581.615994890307
22344,6289.946410755446
22345,6370.40908154635
22346,4454.1027182896205
22347,6974.211708919294
22348,5829.797827281094
22349,5753.63358980139
22350,6218.825675892726
22351,7219.096521782665
22352,6639.704879728338
22353,4594.518580862747
22354,5921.774894007187
22355,5688.329952641974
22356,7921.698127149203
22357,8102.097016685313
22358,5324.763417584517
22359,7400.406574174696
22360,8073.2557517434225
22361,3842.857264360143
22362,4509.336004820048
22363,5707.408567312127
22364,3621.9142006936654
22365,5071.642424978055
22366,4071.004211359511
22367,5811.364983637156
22368,6343.5304536442345
22369,6477.63969136589
22370,7114.024760166654
22371,7835.592997739949
22372,4498.13728802732
22373,7299.998972089965
22374,4969.511651422041
22375,5842.10602339335
22376,5700.537849322209
22377,6962.576823719234
22378,5342.85731561164
22379,6681.69846875798
22380,4881.310971983355
22381,7595.534086356736
22382,7428.3515760120645
22383,4856.450353997243
22384,7217.8735788945005
22385,6122.640792534103
22386,5189.457528384323
22387,6855.688541131862
22388,5957.258269803802
22389,5660.085337207265
22390,7174.2997628043995
22391,7589.093034933358
22392,5449.844370070172
22393,4428.17549808617
22394,7331.330273396521
22395,7077.374931614846
22396,4285.01884067698
22397,4422.506223537664
22398,6808.819196445267
22399,5844.160242282493
22400,7005.517913710807
22401,6674.432839647241
22402,7553.5008202455465
22403,4370.595225598006
22404,6938.857253042071
22405,8641.915976822656
22406,6991.53388066156
22407,7394.304840526955
22408,7636.918166046535
22409,5758.442856092357
22410,6058.707717898265
22411,3355.98735575985
22412,5374.94363707601
22413,6337.388184389447
22414,5343.082861659575
22415,4006.6694355912705
22416,6506.588137904764
22417,4222.034669989388
22418,6312.608183587491
22419,7186.050374505474
22420,6221.520450014247
22421,5299.927787995415
22422,6945.659900213236
22423,7662.681980192845
22424,6091.7417707452205
22425,6353.421237613816
22426,2608.6309579690414
22427,5318.635937893627
22428,5740.8241707312945
22429,7277.648756375279
22430,5906.243651466917
22431,5495.00845519126
22432,7211.486354272976
22433,4604.567064219134
22434,5700.471601378244
22435,7650.352075247511
22436,4025.0896966463006
22437,5850.55287345234
22438,5787.422505511492
22439,5176.195854601807
22440,5485.995373711763
22441,6802.201955304639
22442,6917.917730638771
22443,6415.259465869965
22444,5935.463466453579
22445,5659.439955970911
22446,5388.150493697041
22447,5156.025499943698
22448,7163.2766759999095
22449,6047.0930312999935
22450,5978.407300035844
22451,4743.2708703522085
22452,5064.694448024601
22453,6064.624961118001
22454,3818.1984417206163
22455,5668.920496221576
22456,7535.620412602842
22457,5155.981686216168
22458,6608.535023946467
22459,5022.504656516903
22460,5271.653501135914
22461,5441.7851106462485
22462,7009.104833290923
22463,4906.299396887782
22464,6722.5958424908895
22465,3795.764050789785
22466,6064.468512590369
22467,7741.079421147154
22468,6175.306676807319
22469,5230.21022029875
22470,6902.1431431302335
22471,6919.246955071037
22472,1881.605523450603
22473,5606.181153814009
22474,3369.629325063607
22475,7683.470567677597
22476,8499.527691962587
22477,4548.932623461025
22478,6672.927860894542
22479,6980.340038432106
22480,6198.658509022273
22481,7174.811511266656
22482,6994.2285139488695
22483,8015.562911363199
22484,5988.591773184514
22485,7100.422034311799
22486,5530.795747303989
22487,7659.143111332956
22488,7189.184465963164
22489,6310.266493537988
22490,5118.522227030798
22491,3213.8358917415803
22492,5324.439279558802
22493,6505.799113304112
22494,6364.539392326825
22495,5903.724887502689
22496,6417.400976909758
22497,6703.14183524576
22498,6071.559356719702
22499,5697.837569125065
22500,5891.669410102381
22501,3838.323198814627
22502,5711.182397616001
22503,5611.443536051642
22504,4885.775999069741
22505,4710.1149697301635
22506,7927.5476303787
22507,7732.680429716573
22508,4399.235468357731
22509,5042.942625275684
22510,5382.8553644074045
22511,6241.817040349802
22512,7542.6687350876555
22513,6856.043015754114
22514,4259.18837498463
22515,6873.175128350355
22516,5410.810697786321
22517,5404.45447086755
22518,6567.517084516562
22519,6846.161077420418
22520,7085.363058991175
22521,5608.624903936028
22522,7583.282517967413
22523,5945.803318855565
22524,7520.77464343255
22525,5335.391113767438
22526,6252.392508705805
22527,6121.5680501468
22528,4092.5099758843085
22529,6479.936600929009
22530,7735.663602877711
22531,6483.555680853752
22532,5695.034562980504
22533,5373.145722524599
22534,3538.3404125029806
22535,5253.374420767451
22536,5805.581003190255
22537,5998.348281409143
22538,6400.733500038582
22539,6351.238713316804
22540,5304.216789836353
22541,6603.119656037485
22542,6285.099619961635
22543,5905.785893219883
22544,6486.79232094614
22545,5591.930388953251
22546,8690.386974950312
22547,7097.979707461565
22548,5312.444783559693
22549,5999.865140479591
22550,7486.505876051413
22551,7307.9622424277695
22552,5521.7920443231615
22553,1967.8215884680112
22554,5616.961093106347
22555,3152.311332099131
22556,6892.1251375765205
22557,5036.799378588075
22558,4990.104433290987
22559,4418.410034798129
22560,5706.472984852244
22561,5569.37368757658
22562,4119.387551161433
22563,4098.429767386579
22564,6948.719595915462
22565,6385.706818036595
22566,6440.871332554568
22567,5839.858876820814
22568,7219.113031366658
22569,5457.175923894222
22570,4632.487341936703
22571,5561.64643120513
22572,7192.9335825162325
22573,6360.970431755846
22574,5497.829777371284
22575,4562.5534205552785
22576,6656.611270133033
22577,5885.590084473851
22578,6463.038317484738
22579,4841.660787672879
22580,5205.381921124798
22581,6975.439606220926
22582,3445.2185906670907
22583,5895.059603051622
22584,6383.035493544101
22585,4274.4282036485865
22586,5827.057338568949
22587,4929.761911687991
22588,5895.217266066929
22589,5464.585611741643
22590,6043.835891341799
22591,7577.076041458302
22592,6365.744566267932
22593,6343.23421291335
22594,6762.062139441186
22595,6139.015413657051
22596,6184.819109816325
22597,6893.523222386241
22598,4103.807213763134
22599,5559.509576854178
22600,4464.552277148891
22601,6292.343054355614
22602,4417.499981386007
22603,5652.3291234795515
22604,3974.396669448909
22605,7614.942944576591
22606,4318.007528109963
22607,3689.5970279145913
22608,6649.811474712364
22609,3967.403632354541
22610,5344.156826508695
22611,7203.888366352209
22612,7284.640599705153
22613,4575.992227805817
22614,3575.503631749996
22615,6143.421073944842
22616,6527.822835060769
22617,3692.2474467950715
22618,5445.455072772047
22619,8121.191417744401
22620,4785.682926200996
22621,6698.527726079567
22622,5122.460688180473
22623,7806.569020407623
22624,7057.419950440777
22625,6613.4033290955595
22626,4305.085052675365
22627,6675.971930670576
22628,5792.825194791158
22629,5182.351333233648
22630,5398.638134061419
22631,3164.330126952461
22632,6164.128941624224
22633,5446.821647289064
22634,6698.140540393786
22635,6608.670656089538
22636,4462.19507734543
22637,7548.734846114767
22638,5589.934997223755
22639,4328.257973830388
22640,4263.428618019892
22641,6616.136074156806
22642,7591.701044185005
22643,6442.896844264834
22644,6908.449173353048
22645,5648.582589964838
22646,5724.655535792377
22647,6865.559930584396
22648,8058.119149538665
22649,8080.0712711267315
22650,3236.4444790919815
22651,7420.882794316845
22652,7997.915689137165
22653,4784.405867874112
22654,6397.2959224725455
22655,4777.316303154294
22656,6018.731254247831
22657,7181.516463825051
22658,5192.824506339082
22659,7393.020962468898
22660,6268.923809548514
22661,5509.300216908959
22662,4283.005218347852
22663,6847.282019351975
22664,5358.9427599456185
22665,6445.406203026664
22666,6875.379345811874
22667,5901.59441563794
22668,4030.587817555572
22669,4648.5422877773535
22670,6133.459350679725
22671,7654.915919357803
22672,5005.953962709224
22673,6136.34258788764
22674,7008.052192401101
22675,5633.453137316369
22676,7286.369915167577
22677,6560.218738742903
22678,7209.846712161052
22679,7167.177578098566
22680,8319.266636016868
22681,7502.028511914377
22682,6424.410250470659
22683,4578.531053798465
22684,6713.362576843521
22685,4154.45467875838
22686,6167.542820178224
22687,4119.000345514176
22688,5505.475479466118
22689,6303.556457204466
22690,6649.380482634251
22691,6481.324304592671
22692,7306.031676260927
22693,8152.48866006997
22694,7777.607778565527
22695,4294.229591155372
22696,6907.296393126177
22697,6055.78900260923
22698,6388.664453772404
22699,5819.93313165425
22700,6243.400139889052
22701,4415.134996835404
22702,4173.3303456645845
22703,4217.865625132557
22704,5247.106686971395
22705,5885.741924032364
22706,8197.781782262125
22707,6698.139286157667
22708,7283.907971778997
22709,3793.763017525379
22710,7468.850577359997
22711,3193.21452250084
22712,6292.381975849534
22713,5379.294246136566
22714,7155.299731403368
22715,5866.448495224042
22716,6375.024991571611
22717,6794.105155597654
22718,7421.361583977983
22719,6707.2828987259
22720,5168.949625224114
22721,4225.979864852958
22722,6221.467226025078
22723,6371.488344657124
22724,5942.697174255906
22725,7113.938966601306
22726,5642.636160837893
22727,4479.1273663154225
22728,4631.756347991852
22729,5754.939605735249
22730,5781.916629696899
22731,6775.058550131503
22732,5797.299845817263
22733,5752.127323995375
22734,5888.4014790978235
22735,7096.5943327106015
22736,7207.504167590584
22737,8061.73859704277
22738,6543.171514740325
22739,6828.645458840521
22740,5949.733371989019
22741,5990.442346702912
22742,7765.433476063088
22743,7766.920469162
22744,5478.873364494609
22745,5420.689236926536
22746,7325.508769138885
22747,4066.071263302774
22748,7535.036976143334
22749,5095.578091280539
22750,7165.89522827036
22751,5745.281201952209
22752,5287.2836535729275
22753,6768.75396179431
22754,6080.955051786892
22755,7135.037709384298
22756,5542.645751337854
22757,4257.698952871796
22758,6340.245259266139
22759,5895.2202653811855
22760,6078.326660888997
22761,6901.47148292797
22762,7721.853598326435
22763,7213.409892772386
22764,4471.243305677677
22765,6920.359003595052
22766,5438.968611112553
22767,8285.14634950293
22768,5190.019279492053
22769,5883.657227228092
22770,5428.20485475999
22771,6316.966992575694
22772,4335.276118122542
22773,5680.806348320843
22774,7593.279090343471
22775,5853.7748356492875
22776,7640.493456104676
22777,6862.034644681753
22778,7970.454758633234
22779,6520.49416836424
22780,5548.256220345702
22781,7232.9186842184445
22782,7313.58253902961
22783,7510.137476165042
22784,5049.090437646481
22785,4375.600265546644
22786,5184.288191101209
22787,8091.347816419484
22788,4383.354938661185
22789,5210.416079298661
22790,6581.514580845934
22791,7295.6107716468305
22792,4986.683863330698
22793,5491.197394233259
22794,5440.278199431881
22795,3815.409414397785
22796,7009.579192488962
22797,5951.0693866587435
22798,6343.891314880541
22799,6176.316299031878
22800,7940.8470662730015
22801,7004.569372135705
22802,6982.61780756796
22803,4788.936430437267
22804,6514.762463324376
22805,6683.923903623771
22806,7991.5443973393285
22807,4634.156580539658
22808,5411.311767810026
22809,4331.313948262913
22810,3444.3984892284902
22811,4765.692216000259
22812,7727.544478563987
22813,3616.675969527145
22814,7299.478008797847
22815,7024.649374059389
22816,5095.975325512361
22817,6302.289887191027
22818,7078.135371665916
22819,7087.301228578158
22820,5120.2705920810995
22821,8244.33268474961
22822,6262.843103484183
22823,7426.017400887476
22824,6754.43553880841
22825,6712.209622402217
22826,6956.928732619601
22827,6007.917731114491
22828,5734.937552392707
22829,4404.96939916531
22830,8137.434330246548
22831,6918.185492485523
22832,3979.99559995412
22833,4456.627935405253
22834,4968.438471901103
22835,5636.847250101947
22836,4371.510405749287
22837,4622.253914937148
22838,5053.484071255925
22839,6364.6294763114265
22840,6357.67329355826
22841,6753.505928217567
22842,7844.093193422864
22843,4439.467446806766
22844,4631.205428148672
22845,6345.168413529637
22846,7243.310665051524
22847,7459.674692018585
22848,4349.769503952431
22849,5192.379991823425
22850,5923.496435417887
22851,5460.329213036095
22852,5367.5835706931775
22853,5511.0716442716375
22854,5915.743359465646
22855,4423.030123628685
22856,6610.800411259416
22857,6683.794340026308
22858,4970.092724565691
22859,5599.192675298953
22860,7642.3514834237785
22861,6992.063963614608
22862,5467.915839194294
22863,6365.179142035429
22864,7256.1499892747715
22865,5941.311967493375
22866,5859.878102510553
22867,8899.872041422172
22868,4913.308114462565
22869,5066.937210719274
22870,3792.2900913253297
22871,5109.013778100696
22872,5562.3716618869985
22873,5590.191163356032
22874,8123.115887870377
22875,7064.215527591547
22876,5443.054808846067
22877,7404.669241269625
22878,5813.914458165988
22879,6359.588249748676
22880,4399.064712684607
22881,5454.275601799701
22882,6970.55477026607
22883,3904.743656506641
22884,5869.745852485741
22885,5836.54978654235
22886,5392.224455825421
22887,7317.818871877611
22888,4687.364075237148
22889,6271.914347765419
22890,7256.904856833351
22891,5713.260467810386
22892,3776.6185907224467
22893,5659.194897051919
22894,7306.488590170391
22895,4875.254803469752
22896,5312.0132485022705
22897,4816.368584860449
22898,5000.879780790645
22899,4162.745433479284
22900,7009.622755306626
22901,6425.334055794773
22902,5504.207697484828
22903,7147.975901912748
22904,6808.2299537592635
22905,5948.907776330171
22906,5189.641847691619
22907,5977.932242767131
22908,3658.0853287047194
22909,6677.057620122085
22910,4535.136898611649
22911,4190.7455733572315
22912,4616.363991522415
22913,6346.849001389812
22914,7288.503028632081
22915,8262.010748314278
22916,7687.303511619446
22917,5817.416556202506
22918,6482.109257673568
22919,3190.178029719378
22920,8281.741055554694
22921,5875.247339242426
22922,6277.7391490273
22923,3035.9439629416074
22924,6087.31311441658
22925,4498.912956811612
22926,6196.8726417413345
22927,6491.094008959946
22928,6153.274840363693
22929,8009.148507616175
22930,3372.3392420965283
22931,7460.809757317905
22932,7566.105690061726
22933,5827.16772747805
22934,7264.852013714875
22935,5758.21491828802
22936,6571.641595936936
22937,5513.126429542913
22938,3941.946500554306
22939,7055.534019268862
22940,5749.529233320813
22941,8321.422643971338
22942,4298.204951290829
22943,5829.450151467028
22944,5900.2207439986705
22945,6891.106472334564
22946,6809.875017070044
22947,5376.910293360255
22948,4013.335091066703
22949,5406.524350311607
22950,5167.249805552962
22951,8522.702692193805
22952,5720.938880789866
22953,7010.476547444163
22954,5935.196253684551
22955,8221.111600385966
22956,5207.974852261997
22957,6703.69329031629
22958,6766.031402017766
22959,6959.5531562582455
22960,4538.049761052645
22961,7655.105265442863
22962,6433.204925621392
22963,4095.047604957712
22964,5440.441923765531
22965,7186.904195517436
22966,5494.665198675176
22967,6087.200857159456
22968,5879.608282737095
22969,4903.652931480656
22970,5711.372595282058
22971,7910.506111566316
22972,6285.703466894109
22973,7096.715914516135
22974,6937.669804926507
22975,6801.997194245093
22976,4343.692068638978
22977,5428.936090303446
22978,2711.365784417546
22979,5808.92862951961
22980,5995.672456649554
22981,1882.5389728628834
22982,7185.075625276816
22983,5598.99958890231
22984,6387.138182018835
22985,3456.067494869306
22986,4344.388441606458
22987,4591.647726138122
22988,5689.377930943178
22989,5123.9961071001335
22990,7472.754033700019
22991,7403.874376169798
22992,5012.3651932644425
22993,4668.900498848417
22994,5878.6746644925715
22995,4082.5667238278643
22996,5128.592023697919
22997,4236.252149559081
22998,6385.971402970417
22999,6971.910692040103
23000,6615.489946568059
23001,5131.157778625113
23002,6964.8625603467935
23003,7434.110961252001
23004,3257.994433786633
23005,4824.422841982911
23006,6277.874638611008
23007,6519.640643611392
23008,5910.448197685111
23009,4610.596387896139
23010,6113.013660371107
23011,7593.839472227375
23012,4258.804410138982
23013,5528.413510521728
23014,5467.694130114538
23015,6718.443686286021
23016,6467.575882932803
23017,7771.673945153637
23018,7302.749491954941
23019,6592.678965473911
23020,4832.983592342851
23021,4954.7902323438475
23022,5696.9600841708325
23023,6595.698500400023
23024,7450.282287862242
23025,6244.264930496077
23026,3657.5954842931374
23027,6589.980715125213
23028,4323.656034077486
23029,6201.586275880907
23030,5324.009759351348
23031,5861.020000652164
23032,7397.718829586749
23033,6320.297198719137
23034,7253.411428000365
23035,6439.654728730258
23036,4160.2877476677395
23037,7098.52270895545
23038,4684.9119108285095
23039,6263.493149994464
23040,5938.813081437219
23041,4576.792329598086
23042,5880.709300299345
23043,4530.699059782631
23044,7828.49042340355
23045,6350.1209958423915
23046,5939.261528406011
23047,7034.83041356614
23048,3521.7047818561537
23049,7145.126803924164
23050,6594.141574986101
23051,3943.9725352124074
23052,5301.748004731541
23053,6294.549463538803
23054,6718.397281200147
23055,5069.015168425803
23056,6733.447986714759
23057,2765.091093916082
23058,4545.401178797792
23059,7747.251982580236
23060,5580.772296921768
23061,6591.825526094167
23062,5319.817044197178
23063,7533.472094936323
23064,5231.117219924734
23065,7322.06711092671
23066,7500.716918540066
23067,7742.391262408225
23068,5675.921753146072
23069,6623.0597082151235
23070,6452.462178660905
23071,5648.035708035237
23072,4066.7413162532957
23073,5070.024078616178
23074,5032.193073974641
23075,7490.898774856721
23076,4665.5773921422215
23077,6050.35835112765
23078,5293.505007207925
23079,4425.460389091508
23080,7360.751846326258
23081,7570.226406165713
23082,5309.55442536172
23083,4036.2160762276244
23084,3690.8490283441006
23085,6736.422504563875
23086,4332.429744394463
23087,4388.16138524363
23088,5871.308544709069
23089,7298.4539619704365
23090,5862.297069038009
23091,5688.876242587855
23092,7060.3320129220065
23093,5367.450923552455
23094,5520.53769047091
23095,6073.692848990363
23096,6081.17003856881
23097,5777.812095722287
23098,4113.045579817641
23099,7341.555498905345
23100,5147.522768380151
23101,4541.486160418612
23102,5966.750147575689
23103,6355.516068552902
23104,7281.508103009633
23105,6225.846249932917
23106,7928.649818117264
23107,6673.616618894106
23108,6385.819985822369
23109,5504.220176261681
23110,4337.836868583354
23111,7543.621591829551
23112,6194.256100695407
23113,6348.494910036501
23114,4543.12388676292
23115,7358.867746081693
23116,5635.19526898005
23117,5665.678043218474
23118,5720.002299135374
23119,6186.614682955035
23120,6324.098421627423
23121,6825.643995267519
23122,5121.215735541888
23123,5322.867522844916
23124,6512.688087823838
23125,5310.107680001703
23126,5747.419936013664
23127,4208.1519932473875
23128,5345.233265092154
23129,6395.622358102368
23130,5113.762968204956
23131,7020.325579422899
23132,7431.124402158836
23133,6677.161043396987
23134,5297.949179031485
23135,6190.065400556148
23136,4419.70985600103
23137,5499.8661991952695
23138,7211.485376183347
23139,5388.4943479866315
23140,5746.209764022176
23141,4618.687465115594
23142,5702.174752370948
23143,5207.189434792951
23144,6109.036932510194
23145,6984.021721643446
23146,6537.152988936494
23147,4692.745573636099
23148,4807.587442123255
23149,7117.81251274871
23150,6300.3758855372735
23151,7541.013321454573
23152,7696.044019435887
23153,5862.25517760553
23154,7238.960832615605
23155,5334.434195521978
23156,7755.405845716481
23157,6192.516825366257
23158,7119.476239597104
23159,5742.31170748015
23160,4198.274252235656
23161,7028.1401822796
23162,6868.072983216605
23163,4057.7263535159495
23164,5823.624076138257
23165,5630.623628165532
23166,5878.732815402317
23167,6736.326897964073
23168,6749.27300191824
23169,6921.807778708854
23170,5286.285642353084
23171,5559.608368831716
23172,4245.2495704849425
23173,6287.270982483
23174,6454.115401978615
23175,7143.6256315008595
23176,6464.002073284895
23177,3107.0186517964657
23178,5373.809382999138
23179,6475.074737594927
23180,5794.841299296002
23181,2717.1766481582517
23182,4254.948621160004
23183,5787.407584934924
23184,4795.152018706369
23185,6330.209659136902
23186,4806.070792503918
23187,5759.061547209523
23188,5410.582232608073
23189,4020.994887612608
23190,7661.707520966251
23191,6678.785550596433
23192,5724.330730080547
23193,5893.991959467494
23194,3672.2702291483547
23195,6842.147353582189
23196,6943.933102367765
23197,8572.58387475525
23198,6569.42868609018
23199,4226.523164130498
23200,6514.920902131693
23201,5733.443666784053
23202,4224.121056142285
23203,4324.496787010026
23204,5824.647402213987
23205,5817.738027290218
23206,6518.095167004739
23207,5722.831905886703
23208,8044.635866560156
23209,7978.160207933691
23210,5082.812221819768
23211,7795.819839928711
23212,5575.510206356244
23213,7047.646012195791
23214,5488.8158183439455
23215,5580.876757105728
23216,6604.909106677922
23217,7462.055730413921
23218,5892.134453253939
23219,6150.361745005884
23220,4596.521987625352
23221,5402.213380603859
23222,6071.5511607063645
23223,4002.973685316807
23224,3582.9721525907935
23225,4002.400039797629
23226,7109.730153068627
23227,7437.863851426317
23228,6225.932693765052
23229,3767.702645314562
23230,4682.078866852484
23231,6365.201520514647
23232,5680.615488579574
23233,7803.875345472541
23234,4517.109312277519
23235,7781.3476238218045
23236,3251.8693439765348
23237,7739.691560680087
23238,7672.860161183399
23239,4418.1287684111185
23240,5001.887908371704
23241,6137.982352024918
23242,5701.161392929144
23243,5888.101570480245
23244,2541.7730980954793
23245,4803.680830341938
23246,4331.969158207341
23247,5994.808753207312
23248,7596.199498067071
23249,6898.202477209013
23250,6076.399014776778
23251,5883.9240869877385
23252,6112.223038195654
23253,7445.44548477669
23254,5475.756274114725
23255,6293.038533145221
23256,8067.555337286917
23257,5907.625890128871
23258,4142.678492003477
23259,6497.106235038333
23260,7791.885429584631
23261,5969.011247829241
23262,5809.889499497796
23263,4015.516818791867
23264,6742.310531316548
23265,7855.24605727022
23266,6877.162195827727
23267,7213.82651648244
23268,4728.642445168742
23269,7371.184515882132
23270,4374.838247376516
23271,3493.3649062073196
23272,6822.815289598929
23273,7309.9474241704365
23274,6780.40171102511
23275,3947.848129152111
23276,6437.89144318915
23277,5996.4204236658015
23278,7216.77282028708
23279,6740.544016780404
23280,6601.224275546024
23281,3993.1095335398836
23282,6293.236982837565
23283,7401.307651905358
23284,4936.639530021658
23285,6828.7988590547775
23286,5608.477353497151
23287,4169.727754278981
23288,5697.867948531219
23289,7145.452115255139
23290,6067.6848437466815
23291,6815.674696614046
23292,7441.513044298423
23293,6048.371506066738
23294,6479.608309622337
23295,7107.457935162486
23296,5278.479718680873
23297,3336.28514931724
23298,6440.825594198093
23299,4415.985998190952
23300,7670.917639774925
23301,6634.922617025934
23302,7354.115313896306
23303,7242.295817214335
23304,5249.292115101851
23305,5253.252108897855
23306,7411.063195535833
23307,6301.455503407988
23308,8019.841270212908
23309,6546.578547248237
23310,4224.73394876397
23311,5943.165690147731
23312,6444.371727833738
23313,7210.166749373175
23314,4730.048694807847
23315,6553.138932072161
23316,6351.280084147293
23317,5815.091452876976
23318,7281.7787616064925
23319,7511.533908195662
23320,6311.637304491965
23321,7242.795942584047
23322,6820.440485752876
23323,7020.82934990854
23324,4682.839763069952
23325,7483.702076951659
23326,5805.743047903034
23327,5285.927557737479
23328,7112.147833493879
23329,5049.163435794735
23330,5582.602570360219
23331,5702.992226809755
23332,7310.263522583516
23333,5648.784019969657
23334,5814.4870857829155
23335,6555.266883630766
23336,6689.751114801331
23337,6645.105923115674
23338,6303.635273704264
23339,6977.073703969283
23340,7124.6519914380415
23341,7773.305727361119
23342,4924.902730915095
23343,6116.03486387987
23344,5276.787778372124
23345,6572.308574052471
23346,7862.86831147684
23347,7708.373218254139
23348,5927.614517553448
23349,5642.930543504726
23350,7977.255551683337
23351,7185.54126359038
23352,6559.949220570386
23353,4043.7394655178728
23354,4837.053172960541
23355,5060.56824261595
23356,6067.3401712645855
23357,6586.378315133415
23358,5234.048049363426
23359,7876.03128132373
23360,3345.123001338307
23361,3629.8111826563104
23362,8322.775066658054
23363,5222.246198093779
23364,6048.755988858359
23365,3836.2627969409555
23366,6190.803343032475
23367,5237.927617149325
23368,5632.158877317285
23369,7644.260293469
23370,5896.323510434009
23371,6197.3804717072635
23372,6302.318422366729
23373,5841.3511425185
23374,5586.505254120861
23375,6055.749367688179
23376,5532.052484390123
23377,5628.1184800906585
23378,7400.240158827802
23379,7173.610362751438
23380,7356.039300083779
23381,5489.463136105553
23382,7229.958096853589
23383,5473.94587111599
23384,7036.669257591971
23385,7061.72711871881
23386,6090.783265738591
23387,7789.690335746648
23388,7811.437763430824
23389,4333.759634073158
23390,7676.368603981604
23391,6932.585096116556
23392,7488.092454497369
23393,3626.771871889529
23394,7208.399993958891
23395,4168.418505019618
23396,5536.905202948815
23397,7553.259079497074
23398,5814.122538551989
23399,7021.148596734031
23400,4672.47441897442
23401,6308.947833296472
23402,7460.983604705341
23403,5603.265625184262
23404,5387.586730344572
23405,7232.115998178588
23406,6604.605720105744
23407,7816.7792659296565
23408,5158.921528783819
23409,3983.4226896624987
23410,7640.916576496535
23411,4620.435527124753
23412,4248.131148776949
23413,5846.877916013303
23414,4919.651995923193
23415,5234.687379450563
23416,5247.810850293642
23417,7255.9937133708845
23418,7599.448081090479
23419,5896.652946010432
23420,7600.5552546648205
23421,6337.087337949339
23422,6385.286328250776
23423,3419.573961495208
23424,6027.329879957965
23425,6629.342838115189
23426,7398.234584595683
23427,5690.57994796956
23428,6172.195330395678
23429,5006.084550599193
23430,4781.744326712949
23431,5172.323699157837
23432,8142.579275846431
23433,4988.384002341298
23434,5272.243038398708
23435,3905.9812376529453
23436,5009.339715038705
23437,4683.462880706251
23438,3841.7710619756167
23439,6896.8829758484835
23440,6282.708784986889
23441,5133.122043866558
23442,4962.669298165894
23443,3020.359701469246
23444,5269.473850338758
23445,6022.910985257485
23446,5922.2598652118695
23447,5595.202789467794
23448,6731.2589269425835
23449,5419.126076254444
23450,7419.127323163246
23451,5871.8216203768125
23452,6601.086936643151
23453,5930.210572549954
23454,5627.119513180449
23455,8065.755975128266
23456,5937.8116877126695
23457,6002.313559344729
23458,7334.96644223664
23459,5398.50162674729
23460,4427.905910055655
23461,5934.668725767355
23462,5912.505065149401
23463,4699.027563630093
23464,6973.029760069181
23465,7311.76179140062
23466,7395.738726772196
23467,7736.453023687174
23468,7919.507222631662
23469,6244.516344624089
23470,6325.748112044818
23471,5382.864496530477
23472,6496.947329378731
23473,4247.924597970554
23474,4839.012767414407
23475,7257.472391330149
23476,7498.194096025712
23477,6423.226085993166
23478,7973.950200096885
23479,4340.769712532232
23480,7090.867597893
23481,8072.973402395357
23482,6299.604333559868
23483,7134.523891728419
23484,5990.008508074236
23485,3187.746562640499
23486,6448.942914386268
23487,7535.429524379759
23488,7499.044563864953
23489,6361.006367362038
23490,5454.988083023086
23491,6818.348352760102
23492,6118.181701519888
23493,5365.5479240303
23494,7784.588041558483
23495,6703.348808253787
23496,4340.039075740967
23497,5892.419345762823
23498,5229.4337022985255
23499,4457.674593204706
23500,5116.371989232013
23501,3287.8763422705883
23502,7302.860591866746
23503,6168.664144265394
23504,6501.002133351945
23505,6767.427354499443
23506,7678.99467417684
23507,5244.812215184309
23508,5978.162273010807
23509,3261.422757100426
23510,5038.8804474347335
23511,6534.614118184725
23512,4374.751137959768
23513,3394.468829419123
23514,5958.985770817204
23515,5503.325164176917
23516,5223.329531222431
23517,6088.053041084616
23518,5781.3632607639565
23519,5745.765826594987
23520,4404.125019595349
23521,5318.713102579408
23522,5948.485420078853
23523,6827.594511863936
23524,3781.800189179523
23525,8426.862092654068
23526,4210.604828007774
23527,5487.460614122851
23528,7719.15981210741
23529,7264.566383284147
23530,7821.452319695988
23531,3938.9783834171544
23532,5663.286376822389
23533,4935.887263782843
23534,5635.071018321444
23535,5644.774705616038
23536,5814.623811378521
23537,5470.19273504032
23538,6580.51883554963
23539,4796.189671658159
23540,7494.635124620912
23541,6612.432422411323
23542,8004.09183174278
23543,5927.985741153536
23544,4547.546988306503
23545,7287.38548844606
23546,8518.668825480532
23547,5438.210045441245
23548,6788.67603285664
23549,7535.859956313345
23550,5419.679809840981
23551,2957.6021359872575
23552,6001.6874729954525
23553,5711.596891195102
23554,5985.129938268001
23555,3294.2063535782604
23556,4576.754985262464
23557,3814.714911226135
23558,5521.548898818866
23559,4449.395218946843
23560,7780.039989340464
23561,4217.328060062842
23562,5459.889500859152
23563,4875.868210215516
23564,5967.429278146193
23565,7122.815483135565
23566,6681.59996466303
23567,5273.316731446349
23568,7419.574928316441
23569,5459.113975595277
23570,5322.622999421572
23571,3742.407837332119
23572,5855.753368451554
23573,6347.319556322051
23574,3888.7373425466203
23575,4319.108267014387
23576,7781.718750242707
23577,6140.206237509148
23578,5835.360093834681
23579,4566.7045001153165
23580,6735.421777550156
23581,6502.918269082537
23582,6869.522759367258
23583,5608.876131526406
23584,4612.958612721874
23585,7061.8672842232145
23586,3997.478283039797
23587,7819.992552308522
23588,7691.1672705412575
23589,4264.040426754582
23590,5730.436722535748
23591,2802.1668360772437
23592,6221.484786936667
23593,7789.19938853042
23594,7672.202085452587
23595,7231.694483988287
23596,5365.367210939001
23597,5859.007374767139
23598,7899.81908621106
23599,5607.170632605777
23600,5218.333563716713
23601,7844.3830644076625
23602,6822.164488473688
23603,4097.996534116743
23604,6427.016617103568
23605,4466.785746786768
23606,4247.100412093374
23607,7118.215453523333
23608,5559.860389678389
23609,5808.957849606381
23610,4265.626745641226
23611,5315.177445793087
23612,5223.629332733651
23613,7378.492714869328
23614,5135.160110843002
23615,7564.743425906312
23616,5517.408593535968
23617,7128.9932284101415
23618,6068.04720019736
23619,6296.158561690249
23620,5861.3280669496
23621,5656.149138923569
23622,4739.448245154967
23623,3243.7570388673253
23624,7864.117782797112
23625,6178.810355923361
23626,7474.209483890847
23627,5335.202890933107
23628,4363.89233742253
23629,7586.363526595245
23630,7470.337414833833
23631,5440.048955603838
23632,6131.776407244468
23633,4002.6954737210344
23634,5877.936027115245
23635,5471.012334168901
23636,2943.7294327577383
23637,5176.266417120785
23638,4697.434530165012
23639,5201.988646005973
23640,6163.821901221453
23641,5529.237872008348
23642,5338.138715995516
23643,7546.309874776074
23644,4587.786646460364
23645,6158.403069364561
23646,6986.2068815254115
23647,6034.953093642559
23648,6397.683626345444
23649,5578.452269708979
23650,7507.724901932612
23651,7277.420100125761
23652,6026.301130182655
23653,3968.1885078425025
23654,5849.338909929369
23655,5366.5564064353775
23656,5646.139762041921
23657,4841.953576835838
23658,6228.297494189516
23659,5853.060932204391
23660,7330.509847782148
23661,7608.369393456027
23662,5463.594635083136
23663,5642.365917389847
23664,5246.268055352105
23665,5546.261644924944
23666,7205.182738232299
23667,5346.954112970808
23668,5688.375249397014
23669,6727.279209668394
23670,6692.350844493039
23671,5429.788272096689
23672,5756.792764353124
23673,4053.53351736229
23674,5621.103222405114
23675,6146.911317554466
23676,5960.969913762231
23677,5095.447206411846
23678,5192.922560021447
23679,7505.03750088773
23680,5396.885663142131
23681,5334.406752619002
23682,7835.35757951776
23683,6619.809640991413
23684,5348.200670615175
23685,5365.7472702935875
23686,5792.0067461966955
23687,5473.484778014525
23688,5601.46732661791
23689,7612.393743102698
23690,6831.363207845326
23691,4627.515243330711
23692,6824.945411552606
23693,5974.183142855833
23694,5450.117234513418
23695,6395.3656082558655
23696,7216.706432992671
23697,5825.205795739449
23698,6142.61674713356
23699,4312.566930770918
23700,7604.975321178183
23701,7067.095990818
23702,5738.025990780251
23703,5127.660801582881
23704,5007.247774465923
23705,4498.805339262555
23706,4317.331934344497
23707,5473.765725242918
23708,6992.957497644244
23709,7279.571318258073
23710,7421.204692325315
23711,7386.61321979153
23712,7430.319567367497
23713,6423.572219983275
23714,7779.909430752307
23715,6109.262817877995
23716,4978.876607976227
23717,7299.854539798778
23718,5372.330808305085
23719,8130.916768892293
23720,6120.196816890274
23721,7386.315244711328
23722,4719.488334088128
23723,4875.277011589662
23724,5518.129410335766
23725,6371.704457340337
23726,7727.059260444675
23727,6202.738600503234
23728,7981.746114366776
23729,8333.365654655787
23730,4637.778794800685
23731,5029.47082556025
23732,5373.093360049896
23733,4309.027142944415
23734,3844.1844480263217
23735,4876.7465261430825
23736,8024.845566381466
23737,6598.179833519178
23738,6788.814930116534
23739,6872.971502778188
23740,6523.634586217821
23741,6729.611754700491
23742,4220.743713176433
23743,7645.999056109869
23744,6168.214218213598
23745,3215.5531291046273
23746,5441.113045711686
23747,5238.0984139552465
23748,7665.979772939306
23749,6770.741241753097
23750,5825.290040067163
23751,6103.706931031166
23752,7471.53529933493
23753,6005.683858531732
23754,5604.832225524659
23755,6847.343037861642
23756,5509.947371565329
23757,5713.4099897415435
23758,5012.587322005405
23759,7261.071859012689
23760,5942.685305446488
23761,5809.452232207473
23762,4458.63905934283
23763,7190.060867999839
23764,6840.182500046385
23765,4273.3108655737515
23766,7734.064551980754
23767,5598.467591226471
23768,7326.419620568785
23769,8064.142802345628
23770,4462.09076032387
23771,6370.28991379192
23772,6363.394029438696
23773,5310.790285112538
23774,4213.281087986733
23775,6500.631478382276
23776,6016.259561353836
23777,5980.412887147074
23778,7271.7757529647515
23779,6106.653909568448
23780,4688.814531355907
23781,5873.309163795287
23782,6259.885970099918
23783,6054.043171312812
23784,6111.3773690386415
23785,5189.180199236984
23786,8523.916922265222
23787,7591.340367511425
23788,7881.761745185774
23789,7588.110912216071
23790,5692.896529421742
23791,4079.1287370994914
23792,6759.128161333253
23793,7745.0518634614955
23794,7467.179677091508
23795,5783.962534563785
23796,6496.420874816145
23797,8085.079713141368
23798,6210.777652751864
23799,5901.7604347201
23800,6532.2649668788645
23801,4737.366210845799
23802,4127.922599972608
23803,3849.395240668488
23804,4233.5183472555245
23805,5980.461866749601
23806,4769.85445687808
23807,8131.359138176313
23808,5793.084488845813
23809,3118.5974232722983
23810,4001.161947506812
23811,6646.790129855995
23812,6340.140143679166
23813,3997.3828942239106
23814,6014.697324908751
23815,6535.051379575546
23816,4425.068286254923
23817,7285.32132302019
23818,5884.416735557157
23819,4976.9163504511
23820,5927.321655057022
23821,4274.535767284222
23822,5206.280061173652
23823,7701.132531663118
23824,6278.416665699283
23825,4639.260867347125
23826,7040.8115659347095
23827,3963.310674647926
23828,8222.201518317468
23829,6008.352382500113
23830,4753.184563883887
23831,6393.162692195976
23832,6224.3718167816005
23833,5465.312752939977
23834,6702.392796980209
23835,5819.551246201758
23836,5356.824701876057
23837,3723.208328613607
23838,4920.700606703627
23839,6558.304917443411
23840,4878.179592812887
23841,2720.8037107669124
23842,7575.69064902006
23843,4330.784011487284
23844,6402.231846360136
23845,4453.135146109591
23846,8308.433489261717
23847,5232.186613970476
23848,4138.204748033374
23849,7057.593498732441
23850,6273.674223946077
23851,6257.390515392263
23852,8370.037421815763
23853,8348.73505033657
23854,4868.01498335464
23855,7625.870800764888
23856,4117.881528232772
23857,4952.293517514844
23858,3331.181528611881
23859,6275.4551137603585
23860,7249.449909877251
23861,5436.8781548016805
23862,5334.14673632928
23863,5848.392969760625
23864,6297.028511354922
23865,4924.700690774616
23866,7141.889458014967
23867,7408.627125091905
23868,5853.096632573517
23869,6179.277538680123
23870,5724.035174063318
23871,6844.808369557695
23872,6484.976663278521
23873,6136.872545353084
23874,8222.098730186359
23875,5302.515140379607
23876,5554.658340395359
23877,5845.855055542449
23878,5788.287993366988
23879,5800.456844155961
23880,4023.7628668065877
23881,7841.244611766159
23882,6540.51680276879
23883,6772.283641637146
23884,6218.6850654817235
23885,5931.936502914055
23886,4994.700313112646
23887,4108.781286286819
23888,6001.513700005988
23889,3686.430358733948
23890,7304.174913448134
23891,7536.157896737971
23892,4524.965324267756
23893,7431.057726685765
23894,6285.2933157157395
23895,4219.938854441689
23896,6580.629933963499
23897,7767.969818863701
23898,5756.458639615844
23899,6323.212451835665
23900,7652.74484324456
23901,7224.6533738416165
23902,7409.46295715832
23903,6614.696921814649
23904,5140.5425604968505
23905,4104.588935699223
23906,6367.2704029223
23907,8010.802970957733
23908,4201.5388349491
23909,6248.120320802429
23910,6214.353367505938
23911,6374.041870138253
23912,6764.552441689637
23913,7877.889837346581
23914,5044.8526817331185
23915,4901.584552002412
23916,6121.233047942223
23917,4484.482155303643
23918,4969.960131213157
23919,4960.397176050059
23920,5868.285619643911
23921,5640.795303339112
23922,5362.539544499202
23923,6807.689596145965
23924,7149.100331938301
23925,5723.607027032856
23926,6280.9938968763045
23927,7589.168205489098
23928,4337.179188832752
23929,6042.836944642885
23930,5861.912998253262
23931,5426.076672974812
23932,6108.3821658737315
23933,6687.671538324216
23934,4410.691599625223
23935,5860.741561968012
23936,8051.87765035994
23937,5056.7153103633855
23938,7361.297831936891
23939,6980.505748451667
23940,5169.30943315609
23941,6141.217469919032
23942,5888.5784813880055
23943,6150.584898246953
23944,7537.487796469075
23945,7571.067895645219
23946,6383.851000056008
23947,6995.597485783504
23948,7027.838865965306
23949,6631.367788059209
23950,5690.5990518041635
23951,7121.532568770471
23952,5835.726518222074
23953,2741.984030745353
23954,3793.3369857227062
23955,7994.784667575042
23956,5652.287532295033
23957,6877.927686952883
23958,3856.3447820150373
23959,6893.330414889481
23960,7147.958710980663
23961,5320.929688336421
23962,7293.280671837878
23963,5525.163303678774
23964,5335.1163957397885
23965,4060.0598464586346
23966,4797.7991442891325
23967,7712.234359774403
23968,5980.358942293251
23969,5296.816612912064
23970,7194.108126399475
23971,5183.414419175904
23972,7402.076317550846
23973,5660.58923442661
23974,4873.906419381083
23975,7388.874516594153
23976,7256.895117689435
23977,4964.529174425436
23978,7583.465532847118
23979,7776.880128427618
23980,4815.587867564139
23981,6820.266584231596
23982,6415.2155780285775
23983,5056.033042908538
23984,5921.764368356424
23985,6790.678588371957
23986,4569.607459478504
23987,5529.585989692536
23988,6132.210370542842
23989,5418.473048298297
23990,7519.319088950581
23991,5633.032011084746
23992,6305.569052090061
23993,8043.709844846321
23994,5117.438187694482
23995,5694.5730550646895
23996,7855.885793686852
23997,7658.30191662315
23998,6214.352039128004
23999,7949.886996104211
24000,6013.903533047022
24001,7344.679214174654
24002,4646.554113874943
24003,6861.273010166128
24004,5618.13485888276
24005,5237.573910513724
24006,5943.5256045552605
24007,7613.342348222146
24008,6823.380454259319
24009,7187.232894422572
24010,5190.663707993259
24011,5640.063938830633
24012,6786.1676580015655
24013,7621.630777694744
24014,6013.471738619167
24015,8118.74668207311
24016,4539.016566915226
24017,6417.046778837161
24018,8077.484075203427
24019,5900.901018995046
24020,6356.094039168906
24021,4911.688968918046
24022,7432.668111896989
24023,7319.290563056669
24024,6353.284530548057
24025,7043.830495115199
24026,5132.217159547929
24027,4918.174180583727
24028,7721.5943566956785
24029,5311.602353080674
24030,5403.781591672805
24031,6331.993290805996
24032,3765.1693006306896
24033,6128.949905069873
24034,6804.40816077239
24035,4070.181628001698
24036,6261.9797216004545
24037,3803.1905980826305
24038,6340.034823581911
24039,6372.001766938297
24040,5001.130346155397
24041,5339.262434747977
24042,6659.032577014381
24043,4931.454371809219
24044,5182.072123573114
24045,7822.467151306785
24046,6768.603603696499
24047,5420.030576770311
24048,7020.737220571979
24049,4856.841900608942
24050,7015.844224918606
24051,4776.288964511041
24052,5124.871655779607
24053,5381.724877245996
24054,4494.766982842002
24055,5254.9711432702425
24056,6715.3895249813595
24057,5459.818219002479
24058,4737.519733494522
24059,5987.184468412756
24060,6455.376796130937
24061,6377.46391449067
24062,6280.3561176353705
24063,4232.319397350156
24064,8141.652281570561
24065,6529.895324584748
24066,7478.192602568863
24067,6671.848331411555
24068,5436.22048667898
24069,4946.332351502617
24070,6172.208485716925
24071,5585.20355711723
24072,6880.923308734508
24073,6829.013987323867
24074,4391.853969427987
24075,7535.891088064863
24076,6140.037339437537
24077,5393.192558605348
24078,5376.0356083019315
24079,6640.387348452404
24080,7841.225207961001
24081,7359.469862341141
24082,6592.492110474599
24083,6672.754985286846
24084,8066.2681962743945
24085,5419.857169792779
24086,5023.000430616882
24087,7779.689798898853
24088,5631.966101787027
24089,7256.626418627016
24090,6316.040790273459
24091,4097.471583673718
24092,6744.586951254406
24093,6270.632973026708
24094,5389.193097994509
24095,6822.932121780812
24096,7587.814909475674
24097,4273.592046281079
24098,5194.826760218716
24099,8494.907203609822
24100,4342.278226093028
24101,6089.4459171841645
24102,6250.603998639829
24103,8243.251524780244
24104,5725.337794801257
24105,7439.408815528545
24106,3745.7811828425874
24107,5784.246482157426
24108,5802.957681072458
24109,7678.191040676258
24110,5332.839593875511
24111,5739.302975236873
24112,7830.803911313926
24113,5615.171423707028
24114,7228.664759076977
24115,6841.97256844854
24116,5430.036895227478
24117,6129.82781894739
24118,7603.056395292491
24119,7182.872246073404
24120,3761.04302118306
24121,4653.57488504898
24122,5554.2195737515085
24123,6895.7164176904735
24124,6419.372571129811
24125,3547.4068283970646
24126,6445.412121728043
24127,7545.434996953561
24128,6736.789166961607
24129,4570.167958841102
24130,4847.151665491354
24131,7054.476048988096
24132,7629.701958639345
24133,6603.701994601475
24134,5832.533696288833
24135,6448.221358708625
24136,6336.423628076654
24137,7948.241168005486
24138,7232.908509394949
24139,7190.753320094133
24140,7286.53318336089
24141,7417.536059584041
24142,3131.973183167637
24143,6810.544453730382
24144,3747.8188552288284
24145,4187.853956260155
24146,6389.782005183487
24147,8006.860333344353
24148,5822.956159880509
24149,6497.724778168402
24150,6085.455775086051
24151,3155.521077198227
24152,6450.02756411836
24153,5736.870725862325
24154,5789.703346496071
24155,7056.540776981756
24156,7293.1036907433545
24157,5776.876339143293
24158,7109.019129280691
24159,7337.113744480264
24160,5641.037652493128
24161,6064.585183431389
24162,6252.956707536434
24163,7196.57037160896
24164,6786.056821339536
24165,5834.540478581418
24166,5734.803647121154
24167,6014.54740102021
24168,5015.196372488639
24169,7980.449489114024
24170,5529.750153591409
24171,6025.45609528384
24172,6486.353914961404
24173,8286.881855638821
24174,2950.5350178458543
24175,5067.656032091714
24176,7428.655492863112
24177,4544.523328862535
24178,4523.059514250886
24179,4288.707993570908
24180,7161.426724981157
24181,4501.125944531444
24182,7946.344198486216
24183,6081.6687545748355
24184,4717.760981894645
24185,4253.586167754329
24186,4332.183635134237
24187,5805.47778237251
24188,5229.938092733129
24189,7593.090740424143
24190,5833.5487576177775
24191,6886.474495294734
24192,5219.02761750476
24193,4029.6516531782336
24194,5971.076949590588
24195,6222.433286169837
24196,7628.732858049623
24197,6412.739298235697
24198,6699.104553768235
24199,4973.596256739354
24200,5857.407655013849
24201,5371.013172543634
24202,5046.300700524051
24203,6367.644641752001
24204,5674.7189459840165
24205,5720.48450755508
24206,4271.261723297472
24207,6712.195154089259
24208,3587.08966785684
24209,5827.227825806575
24210,5245.708769305144
24211,5506.5371524261645
24212,3910.4364099086483
24213,7559.208111614994
24214,4358.979837198449
24215,5972.82498093556
24216,7406.412787633198
24217,5316.793999003692
24218,5163.792729724622
24219,8558.1408704841
24220,4843.706625906683
24221,6920.227296459092
24222,6481.342173132388
24223,6106.985472915392
24224,4842.727749847415
24225,4695.983258508474
24226,6302.57111199519
24227,8633.587893692114
24228,4460.09817871473
24229,5408.73650177927
24230,5818.902249000782
24231,5012.823724504305
24232,6859.488565981723
24233,3552.8640234716463
24234,4589.628774725058
24235,5712.685624764624
24236,5670.00169119996
24237,4190.0685488475765
24238,4387.784323438277
24239,5536.329565290682
24240,6711.236996008403
24241,5461.429739074062
24242,6210.464665262485
24243,7316.533597684411
24244,6447.282502741838
24245,7545.688885640132
24246,5056.425647848976
24247,6625.115864028294
24248,3721.342889934305
24249,6725.509577994873
24250,3816.3179096938775
24251,7367.833117070344
24252,7654.235170267827
24253,7408.882715454841
24254,5773.151609356903
24255,6400.788541644113
24256,5479.2051842281035
24257,7263.292307172559
24258,6873.612262466359
24259,5213.318598203707
24260,6140.773135991587
24261,7077.84895841354
24262,6588.822264446241
24263,6480.935414305931
24264,6449.825706516822
24265,5657.950495753961
24266,5489.42846793912
24267,5760.709177177796
24268,7664.455185058199
24269,3882.777552052806
24270,5741.839277961688
24271,3654.8642670033864
24272,5550.5397292275875
24273,4969.019925354167
24274,7261.788820119857
24275,7500.48297086678
24276,6292.965788037503
24277,5402.361429779262
24278,7804.891564361072
24279,3268.347220500803
24280,7065.373368588023
24281,6764.5650158717235
24282,6855.818930092352
24283,5985.096344153972
24284,4885.09539663629
24285,8246.649740869605
24286,4921.061914822805
24287,3769.655051843403
24288,6401.637936725589
24289,5760.210609316105
24290,6864.951216865259
24291,7677.813669222904
24292,5977.718778061231
24293,6734.55027960381
24294,7963.403463812672
24295,7326.76416371595
24296,4310.676798168902
24297,7460.993295677157
24298,5259.885248538874
24299,4998.177404808611
24300,6757.736745096815
24301,3670.163080773629
24302,4948.987761762339
24303,5890.039862314765
24304,5393.259292180244
24305,5260.45240615746
24306,4249.224592872964
24307,6235.387502723265
24308,5031.63486510602
24309,5694.5808187902985
24310,4590.995726352741
24311,4232.797306966438
24312,7977.366251748049
24313,6357.9227039339385
24314,7523.128719032584
24315,6665.646481925529
24316,6125.193564124544
24317,4401.99175463254
24318,7264.985101396413
24319,3360.1691356887127
24320,7813.608834490937
24321,6161.405520326075
24322,5566.076417919041
24323,4863.360159089898
24324,8156.098434042326
24325,6386.204336205437
24326,5737.081966553707
24327,6690.724496224878
24328,8331.013259216637
24329,8151.919091369825
24330,5541.032256356545
24331,5545.819351871913
24332,5391.073453525487
24333,7555.775915980334
24334,7908.918836101089
24335,6202.002821489972
24336,6377.923353493206
24337,6659.736328966063
24338,4481.115460695614
24339,6098.343808029217
24340,6266.258882946575
24341,6514.323826600686
24342,6700.812637006014
24343,5780.52455251846
24344,5618.241574075559
24345,3724.031723608853
24346,6386.386783239471
24347,6442.743367461033
24348,6405.898141293335
24349,7952.912986316159
24350,6859.900670854949
24351,6817.464443780214
24352,6632.279374198797
24353,7637.355604176419
24354,7680.66720152502
24355,7304.01074441179
24356,4555.752879869678
24357,4157.560914003481
24358,5577.167473986668
24359,4217.254438515906
24360,4739.538044316161
24361,7201.096386313868
24362,6589.916755225358
24363,8285.264656003576
24364,7197.188110543235
24365,8290.57472431792
24366,7477.044709122392
24367,5395.213312070961
24368,6392.018064145285
24369,4004.3580371711273
24370,7601.150955930842
24371,5879.652762147442
24372,4024.2998031786533
24373,5610.165845290187
24374,8202.107539513825
24375,2974.869561771752
24376,6312.205923719342
24377,5340.4362420589105
24378,6638.31420006775
24379,4407.457329389736
24380,6154.038893132031
24381,6049.065121932816
24382,6915.478687861341
24383,7999.510428674669
24384,5856.113839045668
24385,7383.879684792177
24386,8411.001054740675
24387,6795.657683111726
24388,4075.7354131786888
24389,7853.847728173302
24390,5399.497724677199
24391,6126.602983405459
24392,5299.777638789635
24393,5002.774281072188
24394,7498.0378085987795
24395,6157.592504325411
24396,8231.81492043383
24397,5491.732002847687
24398,4042.763308510157
24399,6069.077760355001
24400,5159.859475253098
24401,5605.068985687702
24402,5873.539687186715
24403,5124.061077687001
24404,5404.409326605333
24405,5362.422619605288
24406,3578.260839447701
24407,5603.493010183625
24408,5654.532224092067
24409,6011.0474022034
24410,6171.7088788893025
24411,5954.197021979725
24412,7623.69460294628
24413,5087.614066944825
24414,7848.892995640984
24415,6621.480581988566
24416,4331.001241706661
24417,7356.7874067739485
24418,5660.361429708653
24419,3842.28603448507
24420,4996.957075119035
24421,4760.8404519550095
24422,8110.293317667421
24423,4229.649547562741
24424,7032.8840111694735
24425,4305.658301074049
24426,5875.498389860899
24427,5083.771872497434
24428,3845.2998803382234
24429,7002.039130678952
24430,4456.417308057505
24431,6916.117759530804
24432,8135.977350232864
24433,6187.680932006075
24434,4864.672637448013
24435,6924.704614081129
24436,5358.272188326668
24437,5493.427456808833
24438,6588.625570962471
24439,3799.2711370807933
24440,4657.213241349223
24441,5895.396834035885
24442,5623.592593173246
24443,3672.147568250831
24444,5742.714165950696
24445,7776.340872190112
24446,6738.286684782173
24447,5847.209471244271
24448,5641.393142473967
24449,7782.133499406793
24450,5287.741023249501
24451,6740.5534739252025
24452,4245.2464242721
24453,5720.273118087437
24454,3473.3629561536236
24455,6014.925395243933
24456,6726.668822405195
24457,6415.359355780686
24458,4205.231315901954
24459,6400.085109989155
24460,4245.19164122819
24461,4167.855783674978
24462,3060.1851101983116
24463,8197.455441177117
24464,5246.768644399589
24465,3179.014882485914
24466,5962.359706468301
24467,5588.963786653949
24468,6601.821161932129
24469,7566.170515442505
24470,7182.151546633331
24471,4496.2132292927245
24472,7517.008941155877
24473,5974.006072828129
24474,6117.934725326011
24475,7335.530666084577
24476,6116.865029904748
24477,7923.80131682834
24478,6143.585976446425
24479,6916.448142635336
24480,5152.390178552927
24481,6100.818510434612
24482,3436.3009808610004
24483,7916.711641065861
24484,5227.840721361086
24485,5244.134771472722
24486,6273.4277088728895
24487,7606.557332036334
24488,3597.4236308540244
24489,7336.831132793965
24490,3112.2600077855463
24491,5780.709831930606
24492,6533.106001238305
24493,6981.028815497011
24494,6439.382543271569
24495,6594.7397232533995
24496,6814.470961883168
24497,5235.44926464132
24498,7883.361280364727
24499,8176.147577558118
24500,5483.349837391971
24501,7194.89714441312
24502,7571.539589133042
24503,5392.189968210305
24504,5984.064828324683
24505,6432.461070088041
24506,6988.078863017399
24507,6520.237119912463
24508,7133.471966404624
24509,4214.300293456928
24510,3209.6437209224187
24511,5246.82567375644
24512,5095.276310451651
24513,5332.923971426485
24514,5234.34859087651
24515,3294.3020408218586
24516,7079.833416820076
24517,4062.779603152934
24518,6184.592153273868
24519,4736.649076830251
24520,5891.999232468868
24521,4690.289250677024
24522,6616.246582417452
24523,6979.153723134258
24524,6396.22125324745
24525,7645.412664581252
24526,5327.765775071369
24527,5663.027084642086
24528,6211.178960025518
24529,5326.380305827676
24530,7344.4768356967725
24531,7375.159598568092
24532,6592.722149607135
24533,7454.293433787382
24534,6419.0654381540735
24535,7353.402898095333
24536,6965.14594467326
24537,5416.8279960483615
24538,5190.764568727903
24539,6663.5614823845335
24540,7342.411323152212
24541,6789.370382150121
24542,4472.602166771394
24543,7432.592866783207
24544,4149.172456201702
24545,6202.08761805559
24546,5894.914488305805
24547,5422.222408538911
24548,6548.344394375478
24549,7604.594899768786
24550,5846.480714195121
24551,7891.210142273128
24552,7554.7937681634885
24553,6586.211672159717
24554,4525.084422330515
24555,5564.035033389547
24556,5294.561788195424
24557,4092.4076175036816
24558,5914.949767437126
24559,5796.975846409633
24560,5862.2842292016485
24561,5019.741927908384
24562,6974.7299103297855
24563,5838.793692446047
24564,7292.1640219580695
24565,1947.9400375491778
24566,6972.118751653368
24567,8402.972852453842
24568,7257.74307167133
24569,3418.6392049879746
24570,5476.5111410162945
24571,7113.712133211874
24572,7523.784001117297
24573,5970.6666476150085
24574,8036.863777190542
24575,6208.003690634373
24576,3982.9028309292607
24577,7048.974814971356
24578,4654.10271835405
24579,6606.411520516935
24580,5660.590747633388
24581,7354.027481424449
24582,7517.765017270797
24583,6053.500586411223
24584,5555.76215569626
24585,8140.528680189373
24586,4924.918505334402
24587,6069.020986827849
24588,5197.448762893601
24589,6509.701658150001
24590,6929.799375308759
24591,7343.92455023328
24592,6268.080832597774
24593,5609.988420151477
24594,6476.535989963383
24595,6288.618183758551
24596,5565.495836652155
24597,5014.85853885378
24598,6593.96541289048
24599,6631.671792947032
24600,3549.4425984442196
24601,5725.57522853393
24602,4379.555289144876
24603,4817.7712590720585
24604,5380.9663304384485
24605,5476.130410376842
24606,7715.883240112537
24607,6592.492722601339
24608,3705.7865988589624
24609,6719.711913385382
24610,4192.601377564314
24611,5294.248109830772
24612,4753.555097655469
24613,6099.341264573406
24614,6427.429323214789
24615,5748.772930882104
24616,4978.193672911625
24617,6697.359724037757
24618,8133.529911063736
24619,4760.719951964036
24620,4410.080325235157
24621,7081.158822794671
24622,6650.608636724466
24623,5075.503086961946
24624,3363.479376879678
24625,4919.521045891386
24626,6580.721152635458
24627,6656.934251310753
24628,6238.242506458077
24629,3883.4235471685606
24630,6190.943694254965
24631,6864.835069736328
24632,3282.9056236160445
24633,6767.167677685461
24634,6647.133152768078
24635,4130.495741987217
24636,4473.5040116945975
24637,6437.532965199842
24638,7360.9168108660215
24639,6334.003148197581
24640,7191.283194788902
24641,6647.864845744315
24642,7310.272538057033
24643,6944.942442140675
24644,4047.159115853906
24645,5933.6492787210145
24646,5324.87124413555
24647,7768.0500730702415
24648,6697.071574278041
24649,7326.768228643052
24650,4888.454074513087
24651,7850.012359455775
24652,6432.3193774784795
24653,5582.799198249602
24654,7067.190106921603
24655,6587.9603047805995
24656,7394.915269687961
24657,5382.859300605142
24658,7971.425122881194
24659,4820.078790139787
24660,4880.565772876784
24661,5241.458372109045
24662,4267.094558808098
24663,3983.2253076949646
24664,5607.118482688119
24665,5360.259166547168
24666,5735.334962634606
24667,5265.437938854932
24668,5518.625809189709
24669,7404.604499072419
24670,7049.828016985567
24671,5008.019778515781
24672,5528.493160222653
24673,6731.513814816484
24674,3653.9013965027034
24675,7199.645553652491
24676,5557.5596111658515
24677,7869.449656781729
24678,5129.570833398978
24679,4710.490318129621
24680,5577.290560461624
24681,5408.581647445944
24682,5638.120959585599
24683,5170.674457227126
24684,7482.063787116601
24685,7398.1224028757015
24686,4932.989331167763
24687,4295.705535648736
24688,6290.860969321092
24689,6545.252546658072
24690,3125.7341365019865
24691,4317.598461649758
24692,7380.0021523409705
24693,6928.281969023259
24694,5068.100110946699
24695,6730.857024731126
24696,7350.727192445835
24697,5542.333702387422
24698,5302.1339384734765
24699,7401.835179438564
24700,7582.997757023807
24701,4803.024382719871
24702,5828.160536677282
24703,4887.4731610089275
24704,7531.867185230029
24705,5784.179668245478
24706,5220.77757172217
24707,8133.965153395888
24708,6258.370646734282
24709,4122.4471860665435
24710,7276.765392060762
24711,5203.490798512391
24712,6855.239167369817
24713,4469.103562946925
24714,5862.363637129921
24715,6937.282320434171
24716,7612.1061043070285
24717,6768.752363784017
24718,4730.242679800924
24719,7470.743339052894
24720,5196.0631514213665
24721,4096.045738195927
24722,5677.189096113057
24723,5154.538621211793
24724,5629.635306792332
24725,7785.604179122849
24726,7336.091873536559
24727,5392.941344342156
24728,7104.043009861581
24729,5424.156529239228
24730,4576.859570494976
24731,3439.366116593609
24732,5689.48542367841
24733,6709.845359378902
24734,7277.932754842084
24735,7288.525258397168
24736,4789.680411231006
24737,5302.566202562439
24738,5186.9612400862015
24739,4395.631004441451
24740,4748.604575600598
24741,3924.5490513966824
24742,7865.0961719131
24743,4341.578763064017
24744,6504.23838529705
24745,6363.395266071468
24746,3975.881759323299
24747,2327.3586632986103
24748,5160.357676884878
24749,5813.8947322516005
24750,5601.621632065909
24751,7029.54383822985
24752,5048.412118052601
24753,4550.206493342368
24754,3185.4367797820273
24755,6678.701458178297
24756,3917.8417837399825
24757,5532.045411355963
24758,6139.338049450816
24759,5880.423701558811
24760,8031.554854950406
24761,5788.838787488949
24762,5132.405222222651
24763,5877.009439613576
24764,7178.786085751537
24765,6792.154027779983
24766,5890.683772329155
24767,6909.275896627385
24768,6930.286600601263
24769,4639.481824197545
24770,6476.808457120821
24771,4435.476236550219
24772,5243.119528200222
24773,5359.298769033126
24774,6910.238372847886
24775,5428.604870244718
24776,6106.357989601553
24777,6394.700762505681
24778,6929.788239860498
24779,6719.430751914402
24780,4487.216307696148
24781,7433.246204451449
24782,5935.657564096928
24783,7202.962735628379
24784,5431.704743309111
24785,6875.44890930128
24786,4282.765265410057
24787,5706.671622626283
24788,4907.806941534901
24789,5307.153376028664
24790,6706.586005996964
24791,7377.842639652953
24792,7473.509878816604
24793,7413.783839442809
24794,5956.2303374084795
24795,5180.099199991479
24796,6347.64595603229
24797,5838.260754221574
24798,7000.180461961505
24799,6566.173877732244
24800,5116.136680023449
24801,5475.1717601226455
24802,6678.895461694278
24803,4515.1107992302
24804,5771.106837131375
24805,6696.924093570228
24806,6569.066529981989
24807,8047.763857291254
24808,6487.221042108909
24809,7658.368357658882
24810,6955.800576677416
24811,6521.1566768986695
24812,4410.045842740942
24813,5818.66374304307
24814,4236.211724433477
24815,5548.630093734696
24816,6481.763147959006
24817,4950.785527772473
24818,5900.824405366407
24819,7834.62960587182
24820,7171.977482405451
24821,4884.91341209611
24822,4850.685805223407
24823,7281.273015795165
24824,6183.885579772053
24825,5747.876248669562
24826,7304.103458611199
24827,5303.186721089977
24828,7067.041416631828
24829,8102.115443620218
24830,4336.183577132572
24831,7728.224867405499
24832,4277.169533205725
24833,4214.858870499523
24834,6343.315027331182
24835,6637.719598208637
24836,5689.145711885823
24837,5759.028731496142
24838,5963.941782754997
24839,5407.163012824361
24840,5690.506320385083
24841,3922.6318948176545
24842,7688.127513959881
24843,6186.215588852532
24844,4918.747747215423
24845,7461.708807558291
24846,7867.859842394441
24847,6903.067007305766
24848,5396.935391747392
24849,6330.444313291314
24850,6635.111630278715
24851,5589.029261323927
24852,7064.5003557838845
24853,5508.920210797172
24854,2744.446300919649
24855,6633.243851845495
24856,7311.62787952914
24857,4927.267108073252
24858,7237.592730425076
24859,8437.861597913172
24860,5392.993089507609
24861,4882.101961221977
24862,7807.09954099357
24863,6046.481622374006
24864,6016.496529366443
24865,5958.638660638209
24866,4467.5685536250785
24867,6745.7295421810295
24868,6492.488009885796
24869,5996.724102003162
24870,6852.399184350414
24871,3345.9022774414348
24872,6231.032599449542
24873,6640.1804407887885
24874,5891.511352601066
24875,4454.493118414846
24876,4371.420890213015
24877,3908.091453816497
24878,6017.624868782377
24879,8228.343998615082
24880,8384.168011634443
24881,6573.017390811803
24882,5118.110698456853
24883,5414.637521507781
24884,6879.242056594891
24885,6394.030983742732
24886,6522.139753745094
24887,6771.420006557457
24888,6669.436354719145
24889,7243.584369201622
24890,5792.446119706689
24891,3756.7300202601878
24892,4577.355834001244
24893,5913.185017338641
24894,4165.104994259949
24895,3998.424517417365
24896,3884.7491733745765
24897,5496.950331344421
24898,7090.772635460911
24899,3141.556917190905
24900,5465.063773317026
24901,7396.83287468765
24902,6756.607753736556
24903,4658.0671808668085
24904,4441.206653897656
24905,6675.33947083589
24906,7862.451092988946
24907,5765.5152930967315
24908,6701.398530916532
24909,5631.283262290082
24910,6440.528673756317
24911,6249.949899593677
24912,4266.505211302508
24913,5044.67777693492
24914,5224.647860968931
24915,4722.1001292962
24916,6155.6355381121575
24917,5483.947327762389
24918,5769.694526203821
24919,6353.114363007883
24920,4274.601442837163
24921,7691.273777196317
24922,6491.086259666311
24923,8094.071666145497
24924,6220.562604065048
24925,4370.720814424387
24926,5863.958136285516
24927,6703.379976906848
24928,6683.027494384272
24929,8071.56278655088
24930,5692.373875979685
24931,7622.7269320340465
24932,4425.281508675884
24933,7226.233540269196
24934,5724.5352047350925
24935,6358.185594884802
24936,7299.331715095526
24937,6893.791171396293
24938,6549.71716717958
24939,6346.718312825681
24940,6813.652889385364
24941,6847.535650897859
24942,6884.297575024166
24943,5677.755407951315
24944,5730.930397877043
24945,5143.569680131651
24946,3857.139478361044
24947,4731.184102008758
24948,5789.783688834126
24949,8087.439880632684
24950,7636.721250110377
24951,5872.4493669099875
24952,5415.0151736895605
24953,3131.618923603183
24954,4668.937286408078
24955,7358.276479108896
24956,5105.054440182833
24957,4538.7389963574415
24958,5778.416732403187
24959,3434.6398110785685
24960,5668.055124715481
24961,5798.385434783254
24962,6117.50889546346
24963,8077.670344188369
24964,7434.9784986150225
24965,5716.127497053326
24966,4322.672720306375
24967,6429.510463773337
24968,6550.304324554072
24969,5507.173743862391
24970,6866.444622541057
24971,6837.777885074217
24972,6308.708068388264
24973,5996.895620995978
24974,6877.955311762844
24975,6796.889092497171
24976,6317.172435530679
24977,4813.143287634635
24978,5506.393958264008
24979,3549.603518334702
24980,6316.461573392122
24981,5590.107676361057
24982,7044.506664322102
24983,4428.658079325125
24984,4430.0418622840725
24985,6486.763430205031
24986,3522.584711988799
24987,5059.755156290942
24988,4433.904169669071
24989,6483.160706285297
24990,7912.930176065575
24991,3701.8103250617264
24992,7695.2200837725395
24993,5713.00793562158
24994,6210.630337430752
24995,5500.687641160094
24996,4103.203027299231
24997,6404.0847573164
24998,7040.68924288677
24999,6151.109171878499
25000,6355.644323892386
25001,4643.764110030315
25002,6213.003940160348
25003,8208.531152145366
25004,6401.965876599177
25005,8016.739587926196
25006,4649.502470146732
25007,6392.646026988778
25008,6761.982665578531
25009,6309.273836688576
25010,3493.9624871784986
25011,5709.025609711803
25012,4732.37611779351
25013,6173.200935992295
25014,5165.0854064004525
25015,5295.778959392407
25016,6330.721814681084
25017,7057.164034001017
25018,6154.460449299427
25019,7392.476229346183
25020,4018.12395360515
25021,5842.601346687601
25022,6277.028586393199
25023,7597.530455096171
25024,5522.165066752034
25025,5269.196730214467
25026,5898.921817127841
25027,4392.399239896454
25028,6501.98253665043
25029,6086.889675660893
25030,5971.379606579208
25031,5226.682087187965
25032,6158.229040990615
25033,3885.822118044328
25034,6406.185167213518
25035,6853.0719882812145
25036,7685.182518196298
25037,6110.327508065619
25038,6221.853242792998
25039,5448.07743108562
25040,5467.7473099611225
25041,7144.9759573995525
25042,7280.47735820743
25043,5746.805628221515
25044,7477.103181476618
25045,6637.104637755767
25046,5363.439146530357
25047,6124.9501530598045
25048,5663.959309799412
25049,5312.664610222321
25050,6214.729430370164
25051,7802.632149679344
25052,5285.477847470534
25053,5642.42319002007
25054,2570.2880992702962
25055,7035.523186375887
25056,6169.216675375195
25057,7482.633433269791
25058,8015.531127358645
25059,6311.432841794007
25060,6529.703579869525
25061,6878.900083539038
25062,6556.037149571259
25063,6437.478100210109
25064,7023.000562082797
25065,5235.277733974994
25066,7094.37532263067
25067,6698.595072718115
25068,7180.179009966278
25069,5779.867270732206
25070,4617.040549821853
25071,5809.526512308915
25072,5535.190741197488
25073,7182.438252354532
25074,7314.924013432915
25075,7749.979123761165
25076,5825.560968641346
25077,4588.164428286281
25078,7190.7448565081595
25079,7631.531589076463
25080,5047.6151902825495
25081,7524.093969432828
25082,7391.84550859611
25083,5654.4881422445715
25084,7546.07450910167
25085,4211.350140559645
25086,5559.466719743062
25087,5721.894134374547
25088,5007.529206118663
25089,6493.201299349915
25090,6226.8837164358065
25091,4858.517511098013
25092,3964.5055400975584
25093,7335.058521907973
25094,7813.981316408233
25095,6717.520550240775
25096,5685.181047310223
25097,6121.61374224771
25098,5676.004290863529
25099,5284.342410804156
25100,6733.004292231766
25101,4964.422973368205
25102,7236.290800180339
25103,6744.538365693416
25104,5343.610293774383
25105,5193.265982587902
25106,5423.004540769014
25107,5933.175505310578
25108,5196.546307843437
25109,4395.388080209303
25110,5199.510043764369
25111,5129.941517317637
25112,7031.960156371931
25113,5082.790527391095
25114,6464.907633275944
25115,6378.031563715714
25116,7542.649100722432
25117,7078.995940242095
25118,7468.152235140421
25119,5716.996695685567
25120,8255.970672097697
25121,6238.228481655666
25122,4636.607027072263
25123,6773.959105801094
25124,7435.46062859248
25125,5090.26680509928
25126,4636.228076390149
25127,5888.464801415992
25128,5463.63759426017
25129,6955.84634194665
25130,7229.267226009567
25131,6595.5150267371955
25132,4823.84474026341
25133,4321.64396601255
25134,5896.788563473903
25135,6916.676576742254
25136,5501.050424699157
25137,7188.7558016675375
25138,6054.748097025544
25139,5367.645990587906
25140,6493.6249313205935
25141,5832.388344084485
25142,5799.864432679691
25143,7736.344839654743
25144,5664.8395374958445
25145,6215.4797873057005
25146,5195.63790177873
25147,4195.951967090274
25148,7827.383123681828
25149,5975.8841105456895
25150,7326.864408193445
25151,4900.85098112382
25152,7482.0986018493895
25153,7107.827224606266
25154,4120.426537836649
25155,3742.962941996335
25156,8383.000740613204
25157,5423.625915650638
25158,5756.096293330951
25159,7633.756590245029
25160,4386.137822604946
25161,4229.225234105601
25162,6683.037919569786
25163,6901.107834898201
25164,5174.692270011078
25165,3579.5678877184437
25166,6127.983357906848
25167,5195.832170737598
25168,5511.796295584398
25169,5861.526537572978
25170,4682.020041757727
25171,7532.054839502345
25172,6807.642110383663
25173,4288.2451614795755
25174,5518.536351793461
25175,7824.078661979287
25176,4550.712323294943
25177,5057.859750570792
25178,6717.71171216404
25179,5051.628110865154
25180,6311.915925922076
25181,6942.299063509277
25182,8368.845881717527
25183,4776.329666489581
25184,5455.5799612451465
25185,6622.608239172543
25186,6420.967098268977
25187,5320.457841401913
25188,6745.261701246321
25189,7835.4955682288155
25190,4786.0857825649155
25191,4899.581922949619
25192,4297.581399821812
25193,7320.5645630937615
25194,4332.826667776788
25195,5988.567674561667
25196,5185.143040916164
25197,4918.184488914917
25198,8096.861847276171
25199,7021.22229426365
25200,6318.149989668786
25201,3799.8502047169595
25202,7059.013907957306
25203,7604.504037207667
25204,5780.793580924513
25205,5547.500409613556
25206,5259.59474073294
25207,6088.185587731498
25208,5618.074590841444
25209,3787.9814849771806
25210,6302.965438998511
25211,5082.09450280842
25212,5977.513718038022
25213,6559.169269792963
25214,6592.858124275713
25215,4970.608371225276
25216,6432.243217500289
25217,7141.225918251945
25218,7821.117530051074
25219,7524.553065452606
25220,5810.721963841043
25221,8194.66720001465
25222,7316.018729657362
25223,6757.052798508062
25224,8072.28750666756
25225,7225.626678429997
25226,5548.454454123988
25227,7364.389838244339
25228,6860.944495130936
25229,5996.921913160377
25230,6285.814618549319
25231,4922.605468041124
25232,6379.965642450445
25233,5821.230469324146
25234,5270.795904241204
25235,6296.664166630775
25236,7679.272080061032
25237,5335.449167017719
25238,5234.16541276394
25239,4280.227247279304
25240,6032.114541539003
25241,5665.2604060700205
25242,4296.113943882079
25243,8051.773852408638
25244,4233.5486161626795
25245,6366.900468951534
25246,7712.2468860956615
25247,4613.847813683839
25248,6099.828345691822
25249,6836.580114013049
25250,3614.699317381402
25251,4833.072228523467
25252,5019.121106922102
25253,6575.225850036404
25254,7137.225026714405
25255,6220.778717984211
25256,7441.688220473958
25257,6418.321764209447
25258,6293.634334425214
25259,5406.502185938291
25260,7091.31339717102
25261,7706.805999308868
25262,6179.950954156199
25263,5941.349471843151
25264,5360.526547878607
25265,7624.5691362324615
25266,5403.754044561292
25267,7279.247673976314
25268,5645.9529071631105
25269,3733.2307495679156
25270,5730.53085793875
25271,7714.504565259475
25272,6774.665160246237
25273,6834.68804642324
25274,6565.218753661126
25275,6324.017915422991
25276,4354.551517856587
25277,4888.579078918872
25278,5697.8008464772265
25279,6553.25034517008
25280,6117.3809987337245
25281,4762.430448506855
25282,5985.9500775829465
25283,4867.477298851411
25284,4252.575873720969
25285,5412.639485507305
25286,7524.172809618247
25287,7574.758398849988
25288,5130.958661151432
25289,4222.3335395480835
25290,5928.108741940683
25291,3842.111648198941
25292,5795.748797797069
25293,6222.328790618418
25294,6996.28889550175
25295,5353.400811668758
25296,5269.990552303381
25297,7736.271600339491
25298,7645.271628520901
25299,5496.767942961159
25300,7554.760331233414
25301,5882.2038849699875
25302,4236.90889080848
25303,5195.090523519186
25304,6436.816477602878
25305,7283.175260248037
25306,7929.646000793268
25307,4171.258948630782
25308,7256.464020951057
25309,6125.205309362558
25310,5438.495077794217
25311,6764.914679863686
25312,6925.982590006782
25313,7003.159391942845
25314,7600.356460562696
25315,7202.1182497920845
25316,5228.15775570124
25317,6241.1783197661825
25318,7291.172965745256
25319,5640.4418399355345
25320,3758.9607216857817
25321,8278.387903862053
25322,4489.334332464849
25323,7421.890139694195
25324,5148.16348781211
25325,6594.743418603183
25326,5010.506443514947
25327,4576.181719631606
25328,5845.052431996448
25329,7510.358061193952
25330,3355.1428373543713
25331,6558.5259885076075
25332,6894.756095817955
25333,5354.574721775108
25334,7532.204935053705
25335,6066.214791167008
25336,5549.956029019928
25337,8031.693487372647
25338,7344.557171684444
25339,5479.231623160655
25340,4357.037806023077
25341,5788.372408403507
25342,4333.103866879175
25343,6250.723965261224
25344,6852.629895794036
25345,7870.93527697385
25346,4859.941065318295
25347,4662.416539509093
25348,7359.955349054787
25349,7070.212879951949
25350,5855.77081032577
25351,5607.437346464878
25352,5755.66916589259
25353,4674.468873302308
25354,4388.966815943315
25355,4063.732470130278
25356,7612.572300198694
25357,6056.2215305739255
25358,3478.3242352931743
25359,6290.561524104591
25360,7451.928480014208
25361,7070.9867286330755
25362,5786.477802347264
25363,6410.7834086928615
25364,3650.636475635686
25365,4601.177127603525
25366,4157.383229438086
25367,5737.680261173759
25368,5347.727976482169
25369,7452.811747345835
25370,4286.728099334769
25371,5176.6461350211375
25372,6287.104640148062
25373,4163.385091958822
25374,4598.451584321945
25375,7467.813890969589
25376,5993.733368969446
25377,4470.990932769814
25378,6025.999682507314
25379,7741.298375985715
25380,6008.532259308103
25381,4866.695455695036
25382,6900.133905540962
25383,8326.723217179615
25384,6387.351403784104
25385,7882.582135446708
25386,6111.80621981551
25387,5818.891429066241
25388,4092.674912649605
25389,7560.885027099398
25390,5683.938344080209
25391,5605.789920823963
25392,2686.0299897900154
25393,7355.7942623558465
25394,7198.965123980903
25395,6196.892486904062
25396,6255.395361015507
25397,4450.706410341564
25398,6574.869667757016
25399,6082.053204794645
25400,5975.713965010596
25401,6997.243360008682
25402,7119.209574937686
25403,6311.745206466862
25404,7067.720947198322
25405,7143.509938951309
25406,4081.095196634398
25407,6616.265565948032
25408,5590.67029942589
25409,5073.587515877776
25410,6939.177653369031
25411,6812.748186451094
25412,6677.634300741845
25413,5628.429541279386
25414,4718.7288928126545
25415,7385.796966326108
25416,5059.241134562595
25417,4050.5255803271693
25418,5496.6032322595365
25419,7446.559979647219
25420,6889.614427069242
25421,8078.757227923423
25422,5232.2228169582495
25423,6363.549220544914
25424,7774.860480379848
25425,5275.035743739594
25426,5285.140419077992
25427,6599.622873595117
25428,7341.649053979704
25429,6661.926026817772
25430,7491.295607750491
25431,5627.168416392887
25432,6258.46476306801
25433,4816.8477157583375
25434,4709.6343383151425
25435,6443.317621032036
25436,4176.3475859091905
25437,7310.72121035589
25438,7232.718029316144
25439,7297.615197327967
25440,6108.4953981072385
25441,7611.28778361786
25442,7330.731225120207
25443,5763.680966380629
25444,6368.588872657312
25445,7135.501678725189
25446,6189.32616216026
25447,3885.9453281428464
25448,6619.904263916875
25449,8463.827011355535
25450,8403.585527309711
25451,3667.1532948716176
25452,5558.718959833634
25453,6080.625419206735
25454,7677.991569059815
25455,5839.80238916344
25456,6052.228796454291
25457,7337.934624084537
25458,3723.5618786195764
25459,7314.645417350053
25460,4248.823887802092
25461,5111.284060395521
25462,6419.873297727685
25463,6701.24960807582
25464,5648.515485456065
25465,5426.043632586279
25466,5486.255663698996
25467,7999.53232440484
25468,5652.897183872364
25469,6215.605188365587
25470,5981.756775925393
25471,5904.080042724257
25472,5855.2673028498775
25473,5001.102185076034
25474,5709.152884605301
25475,7330.432143296967
25476,6921.747506388659
25477,4577.924189151746
25478,5396.295279974492
25479,5775.841846680458
25480,6941.650634839614
25481,4445.207776669127
25482,7329.38815647535
